{"stats":{"minecraft:dropped":{"duneons:windorangebannerwood":1,"duneons:windhole":2,"duneons:goldblockchiseledslab":1},"minecraft:used":{"duneons:mountaineeraxeiron":4,"duneons:sanctumstonepatternedgilded":1,"spartanshields:stone_basic_shield":1,"minecraft:bread":9,"minecraft:oak_planks":11,"minecraft:wooden_pickaxe":23,"minecraft:iron_sword":30,"justhammers:stone_hammer":92,"minecraft:cooked_chicken":1,"minecraft:stone_axe":63,"minecraft:wooden_sword":15,"minecraft:dirt":1,"minecraft:crafting_table":3,"minecraft:oak_sapling":3},"minecraft:mined":{"minecraft:seagrass":1,"minecraft:red_bed":1,"duneons:sanctumstonepatternedgilded":1,"minecraft:iron_ore":3,"duneons:highlandgoldwood":1,"duneons:highlandfern":1,"minecraft:crafting_table":3,"minecraft:coal_ore":79,"minecraft:oak_log":48,"duneons:highlandtallgrass":8,"duneons:outposttent":1,"duneons:highlandgrass":1,"duneons:windorangebannerwood":1,"minecraft:stone":14,"minecraft:oak_planks":2,"minecraft:oak_leaves":5},"minecraft:crafted":{"minecraft:wooden_sword":1,"minecraft:oak_planks":20,"minecraft:crafting_table":1,"minecraft:stick":4,"minecraft:wooden_pickaxe":1,"minecraft:stone_axe":1},"minecraft:custom":{"minecraft:time_since_rest":17843,"minecraft:sprint_one_cm":36995,"minecraft:damage_taken":484,"minecraft:walk_one_cm":106266,"minecraft:damage_blocked_by_shield":30,"minecraft:mob_kills":19,"minecraft:drop":4,"minecraft:damage_dealt":3220,"minecraft:interact_with_crafting_table":3,"minecraft:swim_one_cm":5571,"minecraft:fly_one_cm":102270,"minecraft:open_chest":4,"minecraft:crouch_one_cm":2919,"minecraft:play_time":35663,"minecraft:sneak_time":1007,"minecraft:walk_under_water_one_cm":9086,"minecraft:boat_one_cm":23825,"minecraft:jump":721,"minecraft:time_since_death":35663,"minecraft:walk_on_water_one_cm":13254,"minecraft:sleep_in_bed":1,"minecraft:total_world_time":35663,"minecraft:fall_one_cm":17529},"minecraft:picked_up":{"minecraft:iron_chestplate":1,"minecraft:stick":10,"minecraft:crafting_table":3,"duneons:sanctumstonepatternedgilded":1,"duneons:windorangebannerwood":1,"minecraft:salmon":1,"duneons:goldblockchiseledslab":1,"duneons:burstgale":1,"minecraft:oak_log":48,"justhammers:stone_hammer":1,"duneons:outposttent":1,"duneons:windhole":1,"minecraft:string":2,"spartanshields:stone_basic_shield":1,"minecraft:dirt":1,"minecraft:red_bed":1,"minecraft:bone":5,"minecraft:iron_ingot":1,"minecraft:cooked_chicken":4,"minecraft:oak_boat":1,"duneons:mountaineeraxeiron":1,"minecraft:oak_sapling":9,"minecraft:coal":14,"minecraft:oak_planks":2,"minecraft:iron_sword":1,"duneons:highlandgoldwood":1,"minecraft:cobblestone":119},"minecraft:killed":{"minecraft:skeleton":1,"minecraft:zombie":7,"minecraft:salmon":1,"minecraft:spider":1,"duneons:wraith":1,"duneons:mountaineer":6}},"DataVersion":3465}