{"stats":{"minecraft:used":{"duneons:highlandgoldwood":1,"duneons:creeperbanner":2,"duneons:sanctumstonepatternedgilded":2,"duneons:sandstonebrickcracked":1,"duneons:dungeonbarrel":1,"duneons:voidflowmuddy_bucket":21,"minecraft:chest":2,"minecraft:iron_sword":237,"duneons:mysterycarpet":2,"minecraft:cooked_chicken":1,"minecraft:torch":81,"minecraft:dirt":9,"duneons:voidmoss":1,"duneons:goldmace":5,"minecraft:tuff":31,"duneons:crumsoncoresword":34,"duneons:soul_scythe":1,"duneons:mountaineeraxeiron":14,"duneons:goatgear_chestplate":1,"minecraft:iron_axe":66,"duneons:flowerscactusred":1,"minecraft:iron_boots":1,"duneons:halberd":26,"duneons:goatgear_helmet":1,"duneons:vasedungeon":1,"minecraft:oak_sapling":3,"minecraft:furnace":1,"duneons:sickles":8,"minecraft:egg":1,"minecraft:potato":71,"minecraft:cobbled_deepslate":161,"minecraft:iron_leggings":1,"minecraft:wheat_seeds":44,"duneons:highblockhallsdoor":1,"minecraft:diorite":5,"duneons:villager_statuesmooth":1,"minecraft:baked_potato":50,"minecraft:oak_planks":14,"minecraft:wooden_pickaxe":23,"duneons:stonehorse":1,"duneons:grandpiano":4,"justhammers:diamond_hammer":291,"minecraft:crafting_table":6,"minecraft:red_bed":1,"justhammers:iron_hammer":91,"duneons:goldchain":4,"duneons:cell":1,"duneons:outposttent":1,"minecraft:apple":1,"minecraft:bread":49,"spartanshields:stone_basic_shield":35,"minecraft:iron_pickaxe":377,"justhammers:stone_hammer":188,"minecraft:gravel":6,"duneons:magicwand":3,"minecraft:stone_axe":84,"minecraft:wooden_sword":15,"minecraft:cobblestone":113,"minecraft:bucket":22,"minecraft:bone_meal":18},"minecraft:broken":{"minecraft:iron_boots":1,"minecraft:iron_sword":1,"minecraft:iron_pickaxe":1},"minecraft:dropped":{"minecraft:iron_ingot":1,"duneons:coin":1,"minecraft:baked_potato":24,"duneons:burstgale":1,"minecraft:crafting_table":1,"minecraft:poisonous_potato":1,"minecraft:feather":4,"minecraft:cobblestone":426,"duneons:highblockhallsdoor":1,"minecraft:leather":3,"duneons:sandbrick":2,"minecraft:copper_ingot":1,"minecraft:grass_block":1,"duneons:sandlayer":1,"minecraft:flint":1,"minecraft:stick":15,"minecraft:dirt":10,"minecraft:cobweb":5,"duneons:windhole":2,"minecraft:diorite":3,"minecraft:torch":8,"minecraft:mutton":2,"minecraft:iron_leggings":1,"gravestone:obituary":2,"minecraft:sand":1,"minecraft:iron_axe":1,"minecraft:string":32,"minecraft:birch_log":4,"minecraft:white_wool":2,"minecraft:bone":11,"minecraft:gravel":1,"minecraft:stone_axe":1,"duneons:goldblockchiseledslab":2,"minecraft:cobbled_deepslate":1462,"duneons:keygold":1,"minecraft:tuff":399,"duneons:magicwand":1,"duneons:highlandgoldwood":1,"minecraft:rotten_flesh":36,"duneons:goldchain":9,"minecraft:oak_planks":20,"sophisticatedbackpacks:backpack":1,"minecraft:stone_slab":4,"justhammers:iron_hammer":1,"minecraft:pumpkin_seeds":4,"minecraft:salmon":1,"minecraft:suspicious_stew":2,"duneons:highlandberries":41,"justhammers:stone_hammer":1,"duneons:windorangebannerwood":1,"minecraft:stone":1,"minecraft:gunpowder":1,"minecraft:andesite":2,"minecraft:oak_boat":1,"minecraft:spider_eye":1,"duneons:crumsoncoresword":1,"minecraft:sandstone":3,"minecraft:arrow":9},"minecraft:custom":{"minecraft:mob_kills":138,"minecraft:interact_with_crafting_table":14,"minecraft:open_barrel":3,"minecraft:bell_ring":1,"minecraft:damage_dealt_resisted":58,"minecraft:leave_game":6,"minecraft:time_since_death":102789,"minecraft:sprint_one_cm":178652,"minecraft:walk_one_cm":799125,"minecraft:damage_blocked_by_shield":1920,"minecraft:drop":187,"minecraft:play_time":270812,"minecraft:deaths":1,"minecraft:sneak_time":11945,"minecraft:walk_under_water_one_cm":39704,"minecraft:boat_one_cm":23825,"minecraft:jump":4449,"minecraft:interact_with_blast_furnace":16,"minecraft:walk_on_water_one_cm":66442,"minecraft:total_world_time":270812,"minecraft:interact_with_furnace":6,"minecraft:sleep_in_bed":6,"minecraft:time_since_rest":9680,"minecraft:damage_taken":5092,"minecraft:damage_dealt":22158,"minecraft:swim_one_cm":15715,"minecraft:fly_one_cm":550764,"minecraft:open_chest":81,"minecraft:crouch_one_cm":38092,"minecraft:interact_with_smoker":10,"minecraft:fall_one_cm":112271},"minecraft:crafted":{"minecraft:wooden_sword":1,"minecraft:oak_planks":84,"minecraft:furnace":1,"minecraft:bone_meal":18,"minecraft:iron_boots":1,"minecraft:iron_axe":1,"justhammers:diamond_hammer":1,"minecraft:chest":2,"minecraft:crafting_table":4,"minecraft:wooden_pickaxe":1,"minecraft:baked_potato":79,"minecraft:copper_ingot":16,"minecraft:stone_axe":1,"minecraft:air":0,"justhammers:iron_hammer":1,"minecraft:stick":36,"minecraft:iron_ingot":46,"minecraft:iron_pickaxe":1,"minecraft:gold_ingot":43,"minecraft:iron_leggings":1,"minecraft:torch":64},"minecraft:mined":{"duneons:bluevangardvase":1,"minecraft:tuff":221,"duneons:sandlayer":2,"minecraft:deepslate_diamond_ore":50,"minecraft:candle":3,"duneons:highlandgoldwood":2,"duneons:sandbrick":5,"duneons:voidmoss":14,"duneons:creeperbanner":3,"gravestone:gravestone":1,"minecraft:grass_block":10,"duneons:highlandtallgrass":8,"duneons:dungeonbarrel":3,"duneons:highlandgrass":1,"duneons:windorangebannerwood":1,"duneons:villager_statuesmooth":1,"minecraft:moss_block":1,"duneons:flowerscactusred":1,"minecraft:spawner":4,"duneons:grandpiano":4,"duneons:mysterycarpet":3,"duneons:sanctumstonepatternedgilded":1,"duneons:void_flames":1,"minecraft:iron_ore":15,"minecraft:fire":15,"duneons:bigwellwater":1,"minecraft:potatoes":56,"minecraft:deepslate_iron_ore":29,"duneons:loot_biggrey":1,"duneons:cubebanner":1,"minecraft:stone":102,"minecraft:deepslate_redstone_ore":9,"duneons:clayvase":3,"duneons:vasedungeon":1,"minecraft:red_bed":1,"duneons:goldchain":2,"duneons:coins":5,"minecraft:crafting_table":3,"minecraft:torch":1,"duneons:sandstonebrickcracked":1,"duneons:outposttent":1,"minecraft:tall_grass":1,"minecraft:copper_ore":9,"minecraft:cobblestone":5,"duneons:leaverpalm":6,"minecraft:deepslate_gold_ore":42,"minecraft:oak_planks":2,"minecraft:diorite":5,"duneons:stonehorse":3,"minecraft:seagrass":1,"duneons:lily_pad_gigantic":1,"duneons:highblockhallsdoor":1,"minecraft:birch_log":4,"minecraft:wheat":44,"minecraft:birch_leaves":1,"duneons:highlandfern":1,"duneons:cell":1,"minecraft:grass":39,"minecraft:coal_ore":125,"minecraft:oak_log":60,"duneons:palmlog":9,"duneons:t_marketbooth_big_tent_ot_no_patch":1,"minecraft:gravel":10,"minecraft:cobweb":15,"minecraft:oak_leaves":6,"minecraft:deepslate":66,"duneons:tombstone":1},"minecraft:killed":{"minecraft:cave_spider":3,"minecraft:witch":1,"minecraft:spider":5,"duneons:wraith":2,"minecraft:skeleton":24,"minecraft:chicken":12,"duneons:redstonegolem":2,"duneons:vangruardskeleton":2,"artifacts:mimic":1,"duneons:endlinge":2,"duneons:frozenzombie":3,"duneons:snareling":1,"minecraft:pig":2,"minecraft:salmon":3,"minecraft:wandering_trader":1,"minecraft:creeper":7,"duneons:mountaineer":6,"minecraft:sheep":2,"minecraft:donkey":2,"minecraft:zombie":46,"minecraft:enderman":1},"minecraft:picked_up":{"duneons:mysterycarpet":2,"minecraft:wheat":22,"minecraft:crafting_table":3,"minecraft:iron_chestplate":1,"minecraft:chicken":7,"minecraft:suspicious_stew":2,"duneons:villager_statuesmooth":1,"minecraft:stone_slab":4,"duneons:goldchain":2,"duneons:voidmoss":14,"gravestone:obituary":1,"duneons:highblockhallsdoor":1,"duneons:windhole":1,"minecraft:red_bed":1,"minecraft:string":55,"duneons:coin":33,"artifacts:feral_claws":2,"minecraft:candle":6,"minecraft:cobbled_deepslate":1589,"minecraft:bucket":1,"minecraft:oak_boat":1,"minecraft:ender_eye":2,"minecraft:iron_pickaxe":1,"minecraft:egg":1,"minecraft:stick":10,"minecraft:raw_iron":3,"minecraft:sandstone":3,"minecraft:stone":1,"duneons:bigwellwater":1,"duneons:flowerscactusred":1,"minecraft:torch":25,"sophisticatedbackpacks:backpack":1,"minecraft:porkchop":4,"duneons:magicwand":4,"minecraft:diorite":8,"spartanshields:stone_basic_shield":1,"duneons:dungeonbarrel":2,"minecraft:arrow":17,"minecraft:rotten_flesh":32,"duneons:soul_scythe":3,"duneons:vasedungeon":1,"duneons:halberd":1,"duneons:goldmace":1,"duneons:sandlayer":1,"duneons:creeperbanner":2,"minecraft:mutton":2,"minecraft:white_wool":2,"minecraft:cobblestone":600,"duneons:stonehorse":2,"minecraft:birch_log":4,"duneons:grandpiano":4,"minecraft:feather":4,"duneons:sanctumstonepatternedgilded":1,"minecraft:glow_ink_sac":2,"minecraft:andesite":2,"duneons:windorangebannerwood":1,"minecraft:salmon":1,"minecraft:leather":3,"duneons:sandbrick":2,"minecraft:potato":135,"duneons:burstgale":1,"paraglider:spirit_orb":8,"minecraft:flint":1,"minecraft:tuff":331,"minecraft:oak_log":60,"duneons:purplevangardpotion":1,"duneons:outposttent":1,"duneons:voidblock":17,"minecraft:gunpowder":6,"minecraft:dirt":20,"duneons:wagonblock":1,"minecraft:bone":28,"duneons:crumsoncoresword":3,"minecraft:wheat_seeds":54,"minecraft:raw_gold":1,"minecraft:iron_ingot":2,"minecraft:cooked_chicken":4,"duneons:mountaineeraxeiron":1,"duneons:cell":1,"minecraft:oak_planks":13,"duneons:sandstonebrickcracked":1,"minecraft:iron_sword":1,"duneons:highlandgoldwood":2,"duneons:keydiamond":3,"duneons:red_stone_golem_skull":1,"minecraft:poisonous_potato":1,"duneons:goldblockchiseledslab":1,"minecraft:gravel":7,"minecraft:sand":1,"justhammers:stone_hammer":1,"minecraft:grass_block":1,"duneons:leaverpalm":3,"minecraft:spider_eye":2,"minecraft:pumpkin_seeds":4,"minecraft:diamond":5,"minecraft:golden_apple":1,"minecraft:bread":9,"minecraft:emerald":3,"duneons:keygold":3,"duneons:miniredstonegolem":1,"minecraft:oak_sapling":9,"minecraft:coal":14,"minecraft:ender_pearl":1}},"DataVersion":3465}