{"stats":{"minecraft:dropped":{"duneons:goldblockchiseledslab":2,"minecraft:stick":9,"duneons:windorangebannerwood":1,"duneons:windhole":2,"minecraft:string":2,"minecraft:white_wool":1},"minecraft:mined":{"minecraft:red_bed":1,"duneons:highlandgoldwood":1,"minecraft:crafting_table":3,"duneons:highlandtallgrass":8,"duneons:outposttent":1,"duneons:highlandgrass":1,"duneons:windorangebannerwood":1,"minecraft:oak_planks":2,"minecraft:seagrass":1,"duneons:sanctumstonepatternedgilded":1,"minecraft:birch_log":4,"minecraft:iron_ore":3,"minecraft:birch_leaves":1,"duneons:highlandfern":1,"minecraft:grass":2,"minecraft:oak_log":60,"minecraft:coal_ore":96,"minecraft:stone":14,"minecraft:oak_leaves":5},"minecraft:used":{"duneons:highlandgoldwood":1,"duneons:sanctumstonepatternedgilded":2,"minecraft:oak_planks":11,"minecraft:wooden_pickaxe":23,"minecraft:iron_sword":52,"minecraft:cooked_chicken":1,"minecraft:dirt":1,"minecraft:crafting_table":3,"duneons:goldchain":4,"duneons:goatgear_chestplate":1,"duneons:mountaineeraxeiron":5,"duneons:outposttent":1,"spartanshields:stone_basic_shield":2,"minecraft:bread":17,"justhammers:stone_hammer":110,"duneons:goatgear_helmet":1,"minecraft:stone_axe":82,"minecraft:wooden_sword":15,"minecraft:cobblestone":5,"minecraft:oak_sapling":3,"minecraft:egg":1},"minecraft:crafted":{"minecraft:wooden_sword":1,"minecraft:oak_planks":20,"minecraft:crafting_table":1,"minecraft:wooden_pickaxe":1,"minecraft:stone_axe":1,"minecraft:stick":4},"minecraft:custom":{"minecraft:interact_with_furnace":1,"minecraft:mob_kills":28,"minecraft:interact_with_crafting_table":3,"minecraft:time_since_death":47663,"minecraft:sleep_in_bed":1,"minecraft:time_since_rest":29843,"minecraft:sprint_one_cm":54290,"minecraft:damage_taken":824,"minecraft:walk_one_cm":147286,"minecraft:damage_blocked_by_shield":40,"minecraft:drop":8,"minecraft:damage_dealt":4303,"minecraft:swim_one_cm":5571,"minecraft:fly_one_cm":159975,"minecraft:open_chest":6,"minecraft:crouch_one_cm":4597,"minecraft:play_time":47663,"minecraft:sneak_time":1324,"minecraft:walk_under_water_one_cm":9086,"minecraft:boat_one_cm":23825,"minecraft:jump":1074,"minecraft:interact_with_blast_furnace":1,"minecraft:walk_on_water_one_cm":13254,"minecraft:interact_with_smoker":1,"minecraft:total_world_time":47663,"minecraft:fall_one_cm":28681},"minecraft:killed":{"minecraft:salmon":1,"minecraft:spider":1,"duneons:wraith":1,"duneons:mountaineer":6,"minecraft:sheep":1,"minecraft:skeleton":2,"minecraft:zombie":7,"minecraft:chicken":6},"minecraft:picked_up":{"minecraft:birch_log":4,"minecraft:crafting_table":3,"minecraft:iron_chestplate":1,"minecraft:feather":2,"minecraft:chicken":4,"duneons:sanctumstonepatternedgilded":1,"duneons:windorangebannerwood":1,"minecraft:salmon":1,"duneons:burstgale":1,"minecraft:oak_log":60,"duneons:outposttent":1,"duneons:windhole":1,"minecraft:dirt":1,"minecraft:string":2,"minecraft:red_bed":1,"minecraft:bone":5,"minecraft:iron_ingot":1,"minecraft:cooked_chicken":4,"minecraft:oak_boat":1,"duneons:mountaineeraxeiron":1,"minecraft:iron_sword":1,"minecraft:oak_planks":2,"duneons:highlandgoldwood":1,"minecraft:egg":1,"minecraft:stick":10,"duneons:goldblockchiseledslab":1,"justhammers:stone_hammer":1,"spartanshields:stone_basic_shield":1,"minecraft:oak_sapling":9,"minecraft:coal":14,"minecraft:white_wool":1,"minecraft:cobblestone":119}},"DataVersion":3465}