{"stats":{"minecraft:dropped":{"duneons:coin":1,"minecraft:baked_potato":13,"duneons:burstgale":1,"minecraft:crafting_table":1,"minecraft:feather":4,"minecraft:cobblestone":5,"duneons:highblockhallsdoor":1,"duneons:sandbrick":2,"duneons:sandlayer":1,"minecraft:stick":15,"minecraft:dirt":10,"duneons:windhole":2,"minecraft:mutton":2,"minecraft:sand":1,"minecraft:string":2,"minecraft:birch_log":4,"minecraft:white_wool":2,"duneons:goldblockchiseledslab":2,"duneons:keygold":1,"duneons:highlandgoldwood":1,"minecraft:rotten_flesh":2,"duneons:goldchain":9,"minecraft:salmon":1,"duneons:highlandberries":41,"duneons:windorangebannerwood":1,"justhammers:stone_hammer":1,"minecraft:gunpowder":1,"minecraft:oak_boat":1,"minecraft:sandstone":2},"minecraft:mined":{"minecraft:tuff":99,"duneons:sandlayer":2,"duneons:highlandgoldwood":2,"duneons:sandbrick":5,"duneons:voidmoss":14,"minecraft:grass_block":3,"duneons:highlandtallgrass":8,"duneons:highlandgrass":1,"duneons:windorangebannerwood":1,"minecraft:spawner":2,"duneons:sanctumstonepatternedgilded":1,"duneons:void_flames":1,"minecraft:iron_ore":15,"minecraft:potatoes":20,"minecraft:deepslate_iron_ore":1,"minecraft:stone":15,"minecraft:deepslate_redstone_ore":4,"duneons:clayvase":2,"minecraft:red_bed":1,"duneons:goldchain":2,"duneons:coins":4,"minecraft:crafting_table":3,"minecraft:torch":1,"duneons:outposttent":1,"minecraft:cobblestone":5,"minecraft:deepslate_gold_ore":16,"minecraft:oak_planks":2,"minecraft:seagrass":1,"duneons:highblockhallsdoor":1,"minecraft:birch_log":4,"minecraft:birch_leaves":1,"duneons:highlandfern":1,"minecraft:grass":7,"minecraft:coal_ore":118,"minecraft:oak_log":60,"minecraft:gravel":3,"minecraft:oak_leaves":5,"minecraft:deepslate":1},"minecraft:used":{"duneons:highlandgoldwood":1,"duneons:sanctumstonepatternedgilded":2,"duneons:voidflowmuddy_bucket":1,"minecraft:chest":2,"minecraft:iron_sword":198,"minecraft:cooked_chicken":1,"minecraft:torch":9,"minecraft:dirt":3,"duneons:voidmoss":1,"minecraft:tuff":31,"duneons:goatgear_chestplate":1,"duneons:mountaineeraxeiron":14,"minecraft:iron_axe":1,"minecraft:iron_boots":1,"duneons:goatgear_helmet":1,"minecraft:oak_sapling":3,"minecraft:furnace":1,"minecraft:egg":1,"minecraft:potato":23,"minecraft:iron_leggings":1,"duneons:highblockhallsdoor":1,"minecraft:baked_potato":1,"minecraft:oak_planks":14,"minecraft:wooden_pickaxe":23,"minecraft:crafting_table":5,"minecraft:red_bed":1,"justhammers:iron_hammer":47,"duneons:goldchain":4,"duneons:outposttent":1,"minecraft:apple":1,"minecraft:bread":42,"spartanshields:stone_basic_shield":16,"minecraft:iron_pickaxe":123,"justhammers:stone_hammer":188,"minecraft:stone_axe":84,"minecraft:wooden_sword":15,"minecraft:cobblestone":109,"minecraft:bucket":2,"minecraft:bone_meal":18},"minecraft:crafted":{"minecraft:wooden_sword":1,"minecraft:oak_planks":84,"minecraft:furnace":1,"minecraft:bone_meal":18,"minecraft:iron_boots":1,"minecraft:iron_axe":1,"minecraft:chest":2,"minecraft:crafting_table":3,"minecraft:wooden_pickaxe":1,"minecraft:baked_potato":42,"minecraft:copper_ingot":15,"minecraft:stone_axe":1,"minecraft:air":0,"justhammers:iron_hammer":1,"minecraft:stick":20,"minecraft:iron_ingot":15,"minecraft:iron_pickaxe":1,"minecraft:iron_leggings":1,"minecraft:torch":12},"minecraft:custom":{"minecraft:mob_kills":72,"minecraft:interact_with_crafting_table":12,"minecraft:leave_game":1,"minecraft:time_since_death":137523,"minecraft:sprint_one_cm":96886,"minecraft:walk_one_cm":369450,"minecraft:damage_blocked_by_shield":640,"minecraft:drop":48,"minecraft:play_time":137523,"minecraft:sneak_time":7336,"minecraft:walk_under_water_one_cm":23065,"minecraft:boat_one_cm":23825,"minecraft:jump":2214,"minecraft:interact_with_blast_furnace":9,"minecraft:walk_on_water_one_cm":42096,"minecraft:total_world_time":137523,"minecraft:interact_with_furnace":6,"minecraft:sleep_in_bed":5,"minecraft:time_since_rest":12654,"minecraft:damage_taken":2134,"minecraft:damage_dealt":11033,"minecraft:swim_one_cm":15204,"minecraft:fly_one_cm":305693,"minecraft:open_chest":24,"minecraft:crouch_one_cm":24909,"minecraft:interact_with_smoker":6,"minecraft:fall_one_cm":63877},"minecraft:killed":{"minecraft:spider":1,"duneons:wraith":1,"minecraft:skeleton":13,"minecraft:chicken":12,"duneons:vangruardskeleton":2,"duneons:endlinge":2,"duneons:snareling":1,"minecraft:pig":2,"minecraft:salmon":3,"minecraft:creeper":2,"duneons:mountaineer":6,"minecraft:sheep":2,"minecraft:donkey":2,"minecraft:zombie":17},"minecraft:picked_up":{"minecraft:iron_chestplate":1,"minecraft:crafting_table":3,"minecraft:chicken":7,"duneons:goldchain":2,"duneons:voidmoss":14,"duneons:highblockhallsdoor":1,"duneons:windhole":1,"minecraft:red_bed":1,"minecraft:string":2,"duneons:coin":33,"minecraft:cobbled_deepslate":370,"minecraft:bucket":1,"minecraft:oak_boat":1,"minecraft:ender_eye":1,"minecraft:egg":1,"minecraft:raw_iron":2,"minecraft:stick":10,"minecraft:sandstone":3,"minecraft:torch":1,"minecraft:porkchop":4,"spartanshields:stone_basic_shield":1,"minecraft:arrow":8,"minecraft:rotten_flesh":2,"duneons:sandlayer":1,"minecraft:mutton":2,"minecraft:white_wool":2,"minecraft:cobblestone":199,"minecraft:birch_log":4,"minecraft:feather":4,"duneons:sanctumstonepatternedgilded":1,"duneons:windorangebannerwood":1,"minecraft:salmon":1,"minecraft:leather":3,"duneons:sandbrick":2,"minecraft:potato":62,"duneons:burstgale":1,"paraglider:spirit_orb":4,"minecraft:tuff":135,"minecraft:oak_log":60,"duneons:outposttent":1,"duneons:voidblock":17,"minecraft:gunpowder":3,"minecraft:dirt":13,"minecraft:bone":16,"minecraft:iron_ingot":1,"minecraft:cooked_chicken":4,"duneons:mountaineeraxeiron":1,"minecraft:oak_planks":2,"minecraft:iron_sword":1,"duneons:highlandgoldwood":2,"duneons:keydiamond":1,"minecraft:gravel":1,"duneons:goldblockchiseledslab":1,"minecraft:sand":1,"justhammers:stone_hammer":1,"minecraft:emerald":2,"duneons:keygold":2,"minecraft:oak_sapling":9,"minecraft:coal":14}},"DataVersion":3465}