{"stats":{"minecraft:mined":{"duneons:highlandgoldwood":1,"duneons:highlandfern":1,"minecraft:crafting_table":2,"minecraft:oak_log":9,"duneons:highlandtallgrass":8,"duneons:outposttent":1,"duneons:highlandgrass":1,"minecraft:stone":4,"minecraft:oak_leaves":5},"minecraft:used":{"minecraft:bread":1,"minecraft:oak_planks":4,"minecraft:wooden_pickaxe":12,"minecraft:wooden_sword":15,"minecraft:dirt":1,"minecraft:crafting_table":2,"minecraft:oak_sapling":3},"minecraft:crafted":{"minecraft:wooden_sword":1,"minecraft:oak_planks":20,"minecraft:crafting_table":1,"minecraft:stick":4,"minecraft:wooden_pickaxe":1},"minecraft:custom":{"minecraft:time_since_rest":11663,"minecraft:sprint_one_cm":15005,"minecraft:damage_taken":40,"minecraft:walk_one_cm":33111,"minecraft:mob_kills":2,"minecraft:damage_dealt":380,"minecraft:interact_with_crafting_table":2,"minecraft:swim_one_cm":1628,"minecraft:fly_one_cm":44893,"minecraft:open_chest":1,"minecraft:crouch_one_cm":9,"minecraft:play_time":11663,"minecraft:sneak_time":72,"minecraft:walk_under_water_one_cm":1748,"minecraft:jump":202,"minecraft:time_since_death":11663,"minecraft:walk_on_water_one_cm":10324,"minecraft:total_world_time":11663,"minecraft:fall_one_cm":4447},"minecraft:killed":{"minecraft:salmon":1},"minecraft:picked_up":{"minecraft:stick":1,"minecraft:crafting_table":2,"minecraft:salmon":1,"minecraft:oak_log":9,"duneons:outposttent":1,"minecraft:dirt":1,"minecraft:oak_sapling":3,"duneons:highlandgoldwood":1,"minecraft:cobblestone":3}},"DataVersion":3465}