{"stats":{"minecraft:dropped":{"duneons:goldblockchiseledslab":2,"duneons:keygold":1,"minecraft:crafting_table":1,"minecraft:feather":4,"minecraft:cobblestone":5,"minecraft:rotten_flesh":2,"duneons:goldchain":7,"duneons:sandbrick":2,"minecraft:salmon":1,"duneons:sandlayer":1,"duneons:highlandberries":41,"minecraft:stick":15,"duneons:windorangebannerwood":1,"minecraft:dirt":10,"duneons:windhole":2,"minecraft:gunpowder":1,"minecraft:mutton":2,"minecraft:oak_boat":1,"minecraft:sandstone":2,"minecraft:sand":1,"minecraft:string":2,"minecraft:birch_log":4,"minecraft:white_wool":2},"minecraft:mined":{"duneons:clayvase":1,"duneons:sandlayer":2,"minecraft:red_bed":1,"duneons:highlandgoldwood":1,"duneons:coins":3,"duneons:sandbrick":5,"minecraft:crafting_table":3,"minecraft:grass_block":1,"duneons:highlandtallgrass":8,"duneons:outposttent":1,"duneons:highlandgrass":1,"duneons:windorangebannerwood":1,"minecraft:cobblestone":5,"minecraft:oak_planks":2,"minecraft:spawner":2,"minecraft:seagrass":1,"duneons:sanctumstonepatternedgilded":1,"minecraft:birch_log":4,"minecraft:iron_ore":3,"minecraft:birch_leaves":1,"duneons:highlandfern":1,"minecraft:grass":4,"minecraft:oak_log":60,"minecraft:coal_ore":96,"minecraft:stone":14,"minecraft:oak_leaves":5},"minecraft:used":{"duneons:highlandgoldwood":1,"duneons:sanctumstonepatternedgilded":2,"minecraft:oak_planks":11,"minecraft:wooden_pickaxe":23,"minecraft:iron_sword":153,"minecraft:cooked_chicken":1,"minecraft:dirt":1,"minecraft:crafting_table":4,"duneons:goldchain":4,"duneons:goatgear_chestplate":1,"duneons:mountaineeraxeiron":10,"duneons:outposttent":1,"spartanshields:stone_basic_shield":3,"minecraft:bread":29,"justhammers:stone_hammer":122,"duneons:goatgear_helmet":1,"minecraft:stone_axe":83,"minecraft:wooden_sword":15,"minecraft:cobblestone":79,"minecraft:furnace":1,"minecraft:oak_sapling":3,"minecraft:egg":1},"minecraft:crafted":{"minecraft:wooden_sword":1,"minecraft:oak_planks":84,"minecraft:crafting_table":2,"minecraft:wooden_pickaxe":1,"minecraft:furnace":1,"minecraft:stone_axe":1,"minecraft:air":0,"minecraft:stick":12,"minecraft:iron_ingot":3,"minecraft:iron_pickaxe":1},"minecraft:custom":{"minecraft:interact_with_furnace":5,"minecraft:mob_kills":55,"minecraft:interact_with_crafting_table":6,"minecraft:time_since_death":77663,"minecraft:sleep_in_bed":1,"minecraft:time_since_rest":59843,"minecraft:sprint_one_cm":66024,"minecraft:damage_taken":1376,"minecraft:walk_one_cm":217919,"minecraft:damage_blocked_by_shield":50,"minecraft:drop":28,"minecraft:damage_dealt":8523,"minecraft:swim_one_cm":10137,"minecraft:fly_one_cm":202971,"minecraft:open_chest":6,"minecraft:crouch_one_cm":17920,"minecraft:play_time":77663,"minecraft:sneak_time":5711,"minecraft:walk_under_water_one_cm":20436,"minecraft:boat_one_cm":23825,"minecraft:jump":1529,"minecraft:interact_with_blast_furnace":1,"minecraft:walk_on_water_one_cm":30214,"minecraft:interact_with_smoker":1,"minecraft:total_world_time":77663,"minecraft:fall_one_cm":40781},"minecraft:killed":{"duneons:endlinge":2,"duneons:snareling":1,"minecraft:salmon":1,"minecraft:spider":1,"duneons:wraith":1,"minecraft:creeper":1,"duneons:mountaineer":6,"minecraft:sheep":2,"minecraft:skeleton":4,"minecraft:donkey":2,"minecraft:zombie":17,"minecraft:chicken":9,"duneons:vangruardskeleton":2},"minecraft:picked_up":{"minecraft:birch_log":4,"minecraft:crafting_table":3,"minecraft:iron_chestplate":1,"minecraft:feather":4,"minecraft:chicken":7,"duneons:sanctumstonepatternedgilded":1,"duneons:windorangebannerwood":1,"minecraft:salmon":1,"minecraft:leather":3,"duneons:sandbrick":2,"duneons:burstgale":1,"paraglider:spirit_orb":4,"minecraft:oak_log":60,"duneons:outposttent":1,"minecraft:gunpowder":1,"duneons:coin":24,"duneons:windhole":1,"minecraft:dirt":11,"minecraft:string":2,"minecraft:red_bed":1,"minecraft:bone":5,"minecraft:iron_ingot":1,"minecraft:cooked_chicken":4,"minecraft:oak_boat":1,"duneons:mountaineeraxeiron":1,"minecraft:ender_eye":1,"minecraft:sandstone":2,"duneons:keydiamond":1,"minecraft:iron_sword":1,"minecraft:oak_planks":2,"duneons:highlandgoldwood":1,"minecraft:egg":1,"minecraft:stick":10,"duneons:goldblockchiseledslab":1,"minecraft:sand":1,"justhammers:stone_hammer":1,"spartanshields:stone_basic_shield":1,"minecraft:rotten_flesh":2,"minecraft:emerald":1,"duneons:keygold":2,"minecraft:oak_sapling":9,"duneons:sandlayer":1,"minecraft:mutton":2,"minecraft:coal":14,"minecraft:white_wool":2,"minecraft:cobblestone":124}},"DataVersion":3465}