{"stats":{"minecraft:used":{"minecraft:bread":6,"minecraft:oak_planks":11,"minecraft:wooden_pickaxe":23,"minecraft:iron_sword":15,"justhammers:stone_hammer":2,"minecraft:stone_axe":63,"minecraft:wooden_sword":15,"minecraft:dirt":1,"minecraft:crafting_table":3,"minecraft:oak_sapling":3},"minecraft:mined":{"minecraft:red_bed":1,"duneons:sanctumstonepatternedgilded":1,"duneons:highlandgoldwood":1,"duneons:highlandfern":1,"minecraft:crafting_table":3,"minecraft:coal_ore":2,"minecraft:oak_log":48,"duneons:highlandtallgrass":8,"duneons:outposttent":1,"duneons:highlandgrass":1,"duneons:windorangebannerwood":1,"minecraft:stone":13,"minecraft:oak_planks":2,"minecraft:oak_leaves":5},"minecraft:crafted":{"minecraft:wooden_sword":1,"minecraft:oak_planks":20,"minecraft:crafting_table":1,"minecraft:stick":4,"minecraft:wooden_pickaxe":1,"minecraft:stone_axe":1},"minecraft:custom":{"minecraft:time_since_rest":5843,"minecraft:sprint_one_cm":28134,"minecraft:damage_taken":240,"minecraft:walk_one_cm":67762,"minecraft:mob_kills":12,"minecraft:damage_dealt":2400,"minecraft:interact_with_crafting_table":3,"minecraft:swim_one_cm":1628,"minecraft:fly_one_cm":86408,"minecraft:open_chest":4,"minecraft:crouch_one_cm":242,"minecraft:play_time":23663,"minecraft:sneak_time":118,"minecraft:walk_under_water_one_cm":1748,"minecraft:jump":506,"minecraft:time_since_death":23663,"minecraft:walk_on_water_one_cm":10324,"minecraft:sleep_in_bed":1,"minecraft:total_world_time":23663,"minecraft:fall_one_cm":11180},"minecraft:killed":{"minecraft:zombie":3,"minecraft:salmon":1,"duneons:wraith":1,"duneons:mountaineer":6},"minecraft:picked_up":{"minecraft:iron_chestplate":1,"minecraft:stick":10,"minecraft:crafting_table":3,"duneons:sanctumstonepatternedgilded":1,"duneons:windorangebannerwood":1,"minecraft:salmon":1,"duneons:burstgale":1,"minecraft:oak_log":48,"justhammers:stone_hammer":1,"duneons:outposttent":1,"spartanshields:stone_basic_shield":1,"minecraft:dirt":1,"minecraft:red_bed":1,"minecraft:iron_ingot":1,"minecraft:cooked_chicken":4,"duneons:mountaineeraxeiron":1,"minecraft:oak_sapling":9,"minecraft:oak_planks":2,"minecraft:iron_sword":1,"duneons:highlandgoldwood":1,"minecraft:cobblestone":13}},"DataVersion":3465}