{"stats":{"minecraft:dropped":{"duneons:coin":1,"minecraft:baked_potato":13,"duneons:burstgale":1,"minecraft:crafting_table":1,"minecraft:feather":4,"minecraft:cobblestone":46,"duneons:highblockhallsdoor":1,"duneons:sandbrick":2,"minecraft:grass_block":1,"duneons:sandlayer":1,"minecraft:stick":15,"minecraft:flint":1,"minecraft:dirt":10,"duneons:windhole":2,"minecraft:mutton":2,"minecraft:sand":1,"minecraft:string":2,"minecraft:birch_log":4,"minecraft:white_wool":2,"minecraft:gravel":1,"minecraft:stone_axe":1,"duneons:goldblockchiseledslab":2,"minecraft:cobbled_deepslate":805,"duneons:keygold":1,"minecraft:tuff":399,"duneons:highlandgoldwood":1,"minecraft:rotten_flesh":14,"duneons:goldchain":9,"justhammers:iron_hammer":1,"minecraft:salmon":1,"duneons:highlandberries":41,"duneons:windorangebannerwood":1,"justhammers:stone_hammer":1,"minecraft:gunpowder":1,"minecraft:oak_boat":1,"minecraft:spider_eye":1,"minecraft:sandstone":3},"minecraft:mined":{"minecraft:tuff":134,"duneons:sandlayer":2,"minecraft:deepslate_diamond_ore":49,"duneons:highlandgoldwood":2,"duneons:sandbrick":5,"duneons:voidmoss":14,"minecraft:grass_block":3,"duneons:highlandtallgrass":8,"duneons:highlandgrass":1,"duneons:windorangebannerwood":1,"minecraft:spawner":4,"duneons:sanctumstonepatternedgilded":1,"duneons:void_flames":1,"minecraft:iron_ore":15,"minecraft:potatoes":20,"minecraft:deepslate_iron_ore":10,"minecraft:stone":15,"minecraft:deepslate_redstone_ore":9,"duneons:clayvase":2,"minecraft:red_bed":1,"duneons:goldchain":2,"duneons:coins":4,"minecraft:crafting_table":3,"minecraft:torch":1,"duneons:outposttent":1,"minecraft:cobblestone":5,"minecraft:deepslate_gold_ore":35,"minecraft:oak_planks":2,"minecraft:seagrass":1,"duneons:highblockhallsdoor":1,"minecraft:birch_log":4,"minecraft:birch_leaves":1,"duneons:highlandfern":1,"minecraft:grass":7,"minecraft:coal_ore":118,"minecraft:oak_log":60,"minecraft:gravel":10,"minecraft:cobweb":15,"minecraft:oak_leaves":5,"minecraft:deepslate":66},"minecraft:used":{"duneons:highlandgoldwood":1,"duneons:sanctumstonepatternedgilded":2,"duneons:voidflowmuddy_bucket":1,"minecraft:chest":2,"minecraft:iron_sword":237,"minecraft:cooked_chicken":1,"minecraft:torch":66,"minecraft:dirt":3,"duneons:voidmoss":1,"minecraft:tuff":31,"duneons:mountaineeraxeiron":14,"duneons:goatgear_chestplate":1,"minecraft:iron_axe":60,"minecraft:iron_boots":1,"duneons:goatgear_helmet":1,"minecraft:oak_sapling":3,"minecraft:furnace":1,"minecraft:egg":1,"minecraft:potato":23,"minecraft:cobbled_deepslate":81,"minecraft:iron_leggings":1,"duneons:highblockhallsdoor":1,"minecraft:baked_potato":17,"minecraft:oak_planks":14,"minecraft:wooden_pickaxe":23,"justhammers:diamond_hammer":151,"minecraft:crafting_table":6,"minecraft:red_bed":1,"justhammers:iron_hammer":91,"duneons:goldchain":4,"duneons:outposttent":1,"minecraft:apple":1,"minecraft:bread":42,"spartanshields:stone_basic_shield":33,"minecraft:iron_pickaxe":250,"minecraft:gravel":6,"justhammers:stone_hammer":188,"minecraft:stone_axe":84,"minecraft:wooden_sword":15,"minecraft:cobblestone":109,"minecraft:bucket":2,"minecraft:bone_meal":18},"minecraft:broken":{"minecraft:iron_pickaxe":1,"minecraft:iron_sword":1},"minecraft:crafted":{"minecraft:wooden_sword":1,"minecraft:oak_planks":84,"minecraft:furnace":1,"minecraft:bone_meal":18,"minecraft:iron_boots":1,"minecraft:iron_axe":1,"justhammers:diamond_hammer":1,"minecraft:chest":2,"minecraft:crafting_table":4,"minecraft:wooden_pickaxe":1,"minecraft:baked_potato":42,"minecraft:copper_ingot":15,"minecraft:stone_axe":1,"minecraft:air":0,"justhammers:iron_hammer":1,"minecraft:stick":36,"minecraft:iron_pickaxe":1,"minecraft:iron_ingot":15,"minecraft:iron_leggings":1,"minecraft:torch":64},"minecraft:custom":{"minecraft:mob_kills":102,"minecraft:interact_with_crafting_table":14,"minecraft:open_barrel":1,"minecraft:leave_game":2,"minecraft:time_since_death":3513,"minecraft:sprint_one_cm":115748,"minecraft:walk_one_cm":497051,"minecraft:damage_blocked_by_shield":1850,"minecraft:drop":93,"minecraft:play_time":170486,"minecraft:deaths":1,"minecraft:sneak_time":8060,"minecraft:walk_under_water_one_cm":23958,"minecraft:boat_one_cm":23825,"minecraft:jump":2694,"minecraft:interact_with_blast_furnace":9,"minecraft:walk_on_water_one_cm":42530,"minecraft:total_world_time":170486,"minecraft:interact_with_furnace":6,"minecraft:sleep_in_bed":5,"minecraft:time_since_rest":3570,"minecraft:damage_taken":3224,"minecraft:damage_dealt":17511,"minecraft:fly_one_cm":343446,"minecraft:swim_one_cm":15715,"minecraft:open_chest":36,"minecraft:crouch_one_cm":26303,"minecraft:interact_with_smoker":6,"minecraft:fall_one_cm":72142},"minecraft:killed":{"minecraft:cave_spider":3,"minecraft:witch":1,"minecraft:spider":3,"duneons:wraith":1,"minecraft:skeleton":19,"minecraft:chicken":12,"duneons:vangruardskeleton":2,"artifacts:mimic":1,"duneons:endlinge":2,"duneons:frozenzombie":2,"duneons:snareling":1,"minecraft:pig":2,"minecraft:salmon":3,"minecraft:creeper":2,"duneons:mountaineer":6,"minecraft:sheep":2,"minecraft:donkey":2,"minecraft:zombie":30,"minecraft:enderman":1},"minecraft:picked_up":{"minecraft:crafting_table":3,"minecraft:iron_chestplate":1,"minecraft:chicken":7,"duneons:goldchain":2,"duneons:voidmoss":14,"duneons:highblockhallsdoor":1,"duneons:windhole":1,"minecraft:red_bed":1,"minecraft:string":23,"duneons:coin":33,"artifacts:feral_claws":1,"minecraft:cobbled_deepslate":1251,"minecraft:bucket":1,"minecraft:oak_boat":1,"minecraft:ender_eye":1,"minecraft:egg":1,"minecraft:stick":10,"minecraft:raw_iron":3,"minecraft:sandstone":3,"minecraft:torch":16,"minecraft:porkchop":4,"spartanshields:stone_basic_shield":1,"minecraft:arrow":13,"minecraft:rotten_flesh":14,"duneons:sandlayer":1,"minecraft:mutton":2,"minecraft:white_wool":2,"minecraft:cobblestone":208,"minecraft:birch_log":4,"minecraft:feather":4,"duneons:sanctumstonepatternedgilded":1,"duneons:windorangebannerwood":1,"minecraft:salmon":1,"minecraft:leather":3,"duneons:sandbrick":2,"minecraft:potato":62,"duneons:burstgale":1,"paraglider:spirit_orb":8,"minecraft:flint":1,"minecraft:tuff":331,"minecraft:oak_log":60,"duneons:outposttent":1,"duneons:voidblock":17,"minecraft:gunpowder":3,"minecraft:dirt":13,"minecraft:bone":22,"minecraft:raw_gold":1,"minecraft:iron_ingot":2,"minecraft:cooked_chicken":4,"duneons:mountaineeraxeiron":1,"duneons:highlandgoldwood":2,"minecraft:iron_sword":1,"minecraft:oak_planks":2,"duneons:keydiamond":3,"duneons:goldblockchiseledslab":1,"minecraft:gravel":7,"minecraft:sand":1,"justhammers:stone_hammer":1,"minecraft:grass_block":1,"minecraft:spider_eye":2,"minecraft:diamond":3,"minecraft:emerald":2,"duneons:keygold":3,"minecraft:oak_sapling":9,"minecraft:coal":14,"minecraft:ender_pearl":1}},"DataVersion":3465}