{"stats":{"minecraft:mined":{"duneons:polishedhighlandandesite":2,"duneons:ashblock":25,"duneons:developerstatue":1,"duneons:cobwebbeddirt":1,"duneons:charredstone":1,"minecraft:crafting_table":2,"gravestone:gravestone":9,"duneons:sanctumstonepattern":1,"duneons:highlandtallgrass":17,"duneons:greenoutpostbricks":1,"duneons:highlandgrass":4,"duneons:outposttiles":4,"duneons:sanctumstonepatterned":3,"minecraft:oak_planks":6,"duneons:standfortorchgold":1,"duneons:testillager":1,"duneons:leaveswindswept":2,"duneons:red_stone_golem_skull":1,"duneons:rugmetal":1,"duneons:windorangebannertop":2,"duneons:windhole":1,"duneons:highlandfern":5,"duneons:darkcobblestoneslab":1,"minecraft:oak_log":68,"duneons:loot_biggrey":3,"minecraft:sand":2,"duneons:highlandberrybushempty":4,"duneons:highlandlog":4,"duneons:namelessstatue":1,"duneons:glowmelonroot":1,"minecraft:stone":62,"duneons:runedoorblocktriangle":1,"minecraft:oak_leaves":6,"duneons:pillagerfurnace":1},"minecraft:custom":{"minecraft:mob_kills":78,"minecraft:interact_with_crafting_table":5,"minecraft:leave_game":1,"minecraft:time_since_death":21969,"minecraft:time_since_rest":21997,"minecraft:sprint_one_cm":111250,"minecraft:damage_taken":3280,"minecraft:walk_one_cm":316836,"minecraft:damage_blocked_by_shield":205,"minecraft:drop":10,"minecraft:damage_dealt":18806,"minecraft:player_kills":1,"minecraft:damage_dealt_absorbed":40,"minecraft:swim_one_cm":28623,"minecraft:fly_one_cm":139617,"minecraft:open_chest":11,"minecraft:crouch_one_cm":35729,"minecraft:play_time":92258,"minecraft:deaths":10,"minecraft:sneak_time":12905,"minecraft:walk_under_water_one_cm":18909,"minecraft:jump":1282,"minecraft:walk_on_water_one_cm":42442,"minecraft:total_world_time":92258,"minecraft:fall_one_cm":38646},"minecraft:crafted":{"minecraft:oak_planks":244,"minecraft:crafting_table":1,"minecraft:wooden_pickaxe":1,"duneons:outpostwood_planks":16,"minecraft:stick":4,"minecraft:stone_pickaxe":1,"minecraft:wooden_axe":1,"minecraft:stone_sword":1},"minecraft:picked_up":{"duneons:highlandberries":6,"minecraft:crafting_table":2,"duneons:developerstatue":1,"minecraft:suspicious_stew":2,"duneons:melondirt":2,"minecraft:oak_log":61,"duneons:purplevangardpotion":1,"gravestone:obituary":3,"duneons:windhole":1,"duneons:scattermines":1,"minecraft:string":4,"duneons:windorangebannertop":2,"duneons:wagonblock":1,"minecraft:apple":1,"duneons:crumsoncoresword":1,"duneons:pillagerfurnace":1,"duneons:mountaineeraxeiron":2,"spartanshields:wooden_basic_shield":1,"minecraft:oak_planks":4,"duneons:highlandberrybushempty":4,"duneons:highlandlog":4,"minecraft:stick":7,"duneons:red_stone_golem_skull":2,"duneons:darkcobblestonewall":2,"duneons:namelessstatue":1,"duneons:highlandfern":6,"minecraft:sand":2,"duneons:magicwand":2,"duneons:leaveswindswept":1,"duneons:polishedhighlandandesite":1,"minecraft:rotten_flesh":17,"minecraft:diamond":2,"duneons:soul_scythe":1,"minecraft:bread":2,"duneons:halberd":1,"minecraft:oak_sapling":12,"duneons:goldmace":1,"minecraft:cobblestone":67},"minecraft:dropped":{"duneons:polishedhighlandandesite":1,"minecraft:diamond":3,"duneons:magicwand":1,"duneons:oakwoodbrew":1,"minecraft:stick":2,"gravestone:obituary":2,"minecraft:string":4},"minecraft:used":{"minecraft:stone_sword":51,"spartanshields:wooden_basic_shield":18,"duneons:outpostwood_planks":10,"minecraft:stone_pickaxe":89,"minecraft:oak_planks":204,"duneons:windhole":1,"minecraft:wooden_pickaxe":9,"duneons:ravager_gatewood":1,"minecraft:crafting_table":3,"duneons:crumsoncoresword":105,"duneons:highlandberrybushempty":2,"duneons:soul_scythe":61,"minecraft:wooden_axe":63,"duneons:dungeonscharredcobblestone":1,"duneons:darkcobblestonewall":2,"duneons:halberd":18,"duneons:goatgear_helmet":1,"duneons:magicwand":1,"minecraft:cobblestone":62,"duneons:red_stone_golem_skull":1,"duneons:windorangebannertop":1,"duneons:highlandberries":6,"duneons:leaveswindswept":1},"minecraft:broken":{"duneons:crumsoncoresword":1,"spartanshields:wooden_basic_shield":1,"minecraft:wooden_axe":1},"minecraft:killed":{"minecraft:husk":6,"minecraft:spider":3,"duneons:wraith":9,"duneons:vindicatorvariant":1,"duneons:mountaineer":38,"minecraft:sheep":1,"minecraft:skeleton":1,"minecraft:zombie":11,"duneons:squallgolem":2,"minecraft:drowned":2}},"DataVersion":3465}