{"stats":{"minecraft:custom":{"minecraft:jump":173,"minecraft:open_chest":3,"minecraft:time_since_rest":19042,"minecraft:leave_game":10,"minecraft:damage_dealt":2,"minecraft:crouch_one_cm":216,"minecraft:sprint_one_cm":7230,"minecraft:play_time":20158,"minecraft:time_since_death":5323,"minecraft:walk_on_water_one_cm":13417,"minecraft:deaths":1,"minecraft:sneak_time":65,"minecraft:total_world_time":20158,"minecraft:walk_under_water_one_cm":3288,"minecraft:swim_one_cm":2259,"minecraft:fly_one_cm":29779,"minecraft:fall_one_cm":4392,"minecraft:damage_taken":310,"minecraft:walk_one_cm":51153},"minecraft:mined":{"minecraft:grass":4,"minecraft:tall_grass":10,"minecraft:grass_block":8,"minecraft:cornflower":2},"minecraft:picked_up":{"minecraft:dirt":6}},"DataVersion":3465}