{"stats":{"minecraft:custom":{"minecraft:jump":158,"minecraft:open_chest":3,"minecraft:time_since_rest":12636,"minecraft:damage_dealt":2,"minecraft:sprint_one_cm":6626,"minecraft:damage_taken":310,"minecraft:leave_game":5,"minecraft:play_time":13752,"minecraft:walk_one_cm":50382,"minecraft:time_since_death":4322,"minecraft:deaths":1,"minecraft:sneak_time":65,"minecraft:total_world_time":13752,"minecraft:fly_one_cm":29679,"minecraft:fall_one_cm":4392,"minecraft:walk_on_water_one_cm":4,"minecraft:crouch_one_cm":216},"minecraft:mined":{"minecraft:grass":4,"minecraft:tall_grass":10,"minecraft:grass_block":8,"minecraft:cornflower":2},"minecraft:picked_up":{"minecraft:dirt":6}},"DataVersion":3465}