{"stats":{"minecraft:custom":{"minecraft:jump":241,"minecraft:open_chest":3,"minecraft:time_since_rest":23115,"minecraft:leave_game":13,"minecraft:damage_dealt":2,"minecraft:crouch_one_cm":216,"minecraft:sprint_one_cm":13995,"minecraft:play_time":24231,"minecraft:time_since_death":7292,"minecraft:walk_on_water_one_cm":21208,"minecraft:deaths":1,"minecraft:sneak_time":65,"minecraft:total_world_time":24231,"minecraft:walk_under_water_one_cm":4994,"minecraft:swim_one_cm":2259,"minecraft:fly_one_cm":35178,"minecraft:fall_one_cm":4661,"minecraft:damage_taken":310,"minecraft:walk_one_cm":57122},"minecraft:mined":{"minecraft:grass":4,"minecraft:tall_grass":10,"minecraft:grass_block":8,"minecraft:cornflower":2},"minecraft:picked_up":{"minecraft:dirt":6}},"DataVersion":3465}