{"stats":{"minecraft:broken":{"minecraft:stone_pickaxe":1,"minecraft:iron_pickaxe":1,"duneons:mountaineeraxeiron":2},"minecraft:custom":{"minecraft:interact_with_smithing_table":1,"minecraft:mob_kills":82,"minecraft:interact_with_crafting_table":12,"minecraft:open_barrel":6,"goblintraders:trade_with_goblin":12,"minecraft:bell_ring":14,"minecraft:leave_game":2,"minecraft:time_since_death":217303,"minecraft:sprint_one_cm":476453,"minecraft:walk_one_cm":1267212,"minecraft:drop":110,"minecraft:talked_to_villager":4,"minecraft:play_time":295150,"minecraft:sneak_time":5,"minecraft:deaths":14,"minecraft:walk_under_water_one_cm":22053,"minecraft:boat_one_cm":214250,"minecraft:jump":3211,"minecraft:interact_with_blast_furnace":1,"minecraft:walk_on_water_one_cm":42721,"minecraft:total_world_time":295150,"minecraft:interact_with_furnace":16,"minecraft:traded_with_villager":1,"minecraft:sleep_in_bed":9,"minecraft:time_since_rest":11238,"minecraft:damage_taken":7096,"minecraft:damage_dealt":10487,"minecraft:swim_one_cm":57946,"minecraft:fly_one_cm":112048,"minecraft:open_chest":35,"minecraft:crouch_one_cm":21,"minecraft:interact_with_smoker":8,"minecraft:fall_one_cm":64570},"minecraft:killed_by":{"minecraft:player":1},"minecraft:used":{"duneons:bluebanner":1,"duneons:ravagergatewood_3":1,"minecraft:chest":2,"minecraft:iron_sword":207,"duneons:outposttiles":1,"duneons:dungeonscharreddirt":1,"duneons:ashblock":13,"minecraft:rotten_flesh":16,"minecraft:torch":46,"minecraft:dirt":11,"duneons:goldcandle":1,"duneons:corn":4,"minecraft:carrot":29,"duneons:outpostbricks":27,"duneons:highlandberrybushempty":2,"duneons:melondirt":27,"duneons:mountaineeraxeiron":87,"minecraft:dark_oak_planks":25,"minecraft:sweet_berries":2,"minecraft:oak_sapling":16,"minecraft:furnace":1,"comforts:sleeping_bag_white":4,"minecraft:egg":10,"minecraft:cooked_beef":6,"minecraft:potato":8,"duneons:slashplush":1,"minecraft:cooked_mutton":22,"minecraft:polished_andesite":1,"minecraft:stone_pickaxe":23,"minecraft:oak_planks":12,"minecraft:sandstone":1,"minecraft:white_wool":1,"minecraft:sand":2,"duneons:testillager":1,"minecraft:white_bed":1,"minecraft:cod":5,"minecraft:painting":1,"minecraft:oak_log":7,"minecraft:apple":2,"minecraft:bread":2,"minecraft:iron_pickaxe":250,"justhammers:stone_hammer":142,"minecraft:stone_axe":8,"duneons:standfortorchgold":2,"minecraft:cobblestone":191,"minecraft:porkchop":1,"duneons:highlandfern":1,"minecraft:yellow_bed":4,"minecraft:dandelion":2,"duneons:testblock":1,"minecraft:oak_fence":13},"minecraft:dropped":{"minecraft:iron_sword":1,"minecraft:porkchop":2,"duneons:burstgale":1,"minecraft:cobblestone":22,"minecraft:leather":2,"gravestone:obituary":16,"minecraft:music_disc_cat":1,"minecraft:gravel":1,"duneons:corn":2,"minecraft:raw_copper":28,"duneons:magicwand":1,"minecraft:rotten_flesh":16,"duneons:oakwoodbrew":2,"minecraft:cooked_mutton":1,"justhammers:stone_hammer":2,"duneons:updrafttome":1,"duneons:scattermines":1,"duneons:testblock":1,"minecraft:sandstone":1,"minecraft:raw_gold":6,"minecraft:egg":2},"minecraft:picked_up":{"duneons:candle":4,"minecraft:charcoal":2,"minecraft:crafting_table":3,"minecraft:wheat":6,"minecraft:chicken":7,"duneons:goldcandle":1,"minecraft:stone_brick_stairs":2,"duneons:oakwoodbrew":2,"gravestone:obituary":4,"duneons:highblockhallsdoor":5,"minecraft:cornflower":3,"minecraft:music_disc_cat":1,"minecraft:string":9,"duneons:ashblock":36,"minecraft:cobbled_deepslate":61,"comforts:sleeping_bag_white":4,"minecraft:beef":2,"minecraft:chest":1,"duneons:outposttiles":1,"duneons:highlandberrybushempty":2,"minecraft:egg":16,"minecraft:dark_oak_sapling":2,"minecraft:stick":4,"minecraft:sandstone":3,"minecraft:oak_fence":2,"minecraft:torch":18,"minecraft:porkchop":7,"duneons:testblock":2,"duneons:magicwand":2,"minecraft:stone_button":2,"minecraft:music_disc_11":1,"minecraft:pointed_dripstone":4,"minecraft:carrot":2,"minecraft:redstone":4,"minecraft:rabbit_foot":1,"minecraft:dark_oak_planks":67,"duneons:luxury_carpet":1,"minecraft:arrow":15,"duneons:dungeonsmalltable":1,"minecraft:rotten_flesh":48,"duneons:bluebanner":1,"minecraft:hay_block":3,"duneons:royaleshield":1,"minecraft:mutton":22,"duneons:boxfood":1,"minecraft:white_wool":17,"minecraft:cobblestone":775,"minecraft:oxeye_daisy":1,"duneons:bluekinghat_chestplate":1,"minecraft:birch_log":8,"duneons:dungeonscharreddirt":1,"duneons:corn":1,"minecraft:feather":9,"minecraft:cooked_beef":6,"minecraft:glow_ink_sac":9,"minecraft:andesite":5,"minecraft:leather":2,"minecraft:brown_wool":1,"duneons:cornbox":1,"duneons:sandbrick":2,"duneons:bluekinghat_leggings":1,"duneons:testillager":1,"duneons:burstgale":2,"minecraft:oak_log":18,"duneons:melondirt":27,"duneons:outposttent":1,"minecraft:yellow_bed":4,"minecraft:gunpowder":15,"duneons:scattermines":1,"minecraft:dirt":46,"minecraft:cooked_mutton":11,"minecraft:bone":12,"minecraft:apple":2,"minecraft:bow":2,"minecraft:wheat_seeds":52,"minecraft:raw_gold":6,"minecraft:iron_ingot":2,"minecraft:stone_pickaxe":1,"duneons:slashplush":1,"duneons:mountaineeraxeiron":2,"spartanshields:wooden_basic_shield":2,"minecraft:rabbit":1,"minecraft:iron_sword":1,"minecraft:oak_planks":12,"duneons:updrafttome":2,"duneons:keydiamond":1,"minecraft:sweet_berries":10,"duneons:flowerscactuspink":2,"minecraft:dandelion":2,"minecraft:gravel":1,"duneons:highlandfern":8,"duneons:necromancerball":1,"minecraft:sand":8,"justhammers:stone_hammer":4,"duneons:bluekinghat_helmet":1,"duneons:standfortorchgold":3,"minecraft:dark_oak_log":5,"duneons:leaverpalm":1,"minecraft:spider_eye":1,"minecraft:polished_andesite":3,"duneons:ravager_gatewood":1,"duneons:lily_pad_gigantic":1,"minecraft:painting":1,"minecraft:gray_wool":1,"minecraft:bread":1,"duneons:ravagergateiron":1,"duneons:keygold":2,"minecraft:oak_sapling":18,"sophisticatedbackpacks:gold_backpack":1},"minecraft:killed":{"duneons:woolycow":1,"minecraft:spider":1,"minecraft:skeleton":1,"duneons:babykeyblue":1,"minecraft:chicken":7,"duneons:squallgolem":2,"duneons:frozenzombie":1,"minecraft:husk":3,"minecraft:pig":5,"minecraft:rabbit":1,"minecraft:creeper":2,"duneons:mountaineer":8,"minecraft:sheep":23,"minecraft:goat":1,"minecraft:donkey":2,"minecraft:zombie":14,"minecraft:glow_squid":1,"minecraft:villager":2,"minecraft:cow":1},"minecraft:mined":{"minecraft:dark_oak_planks":1,"duneons:boxfood":1,"minecraft:tuff":176,"minecraft:dark_oak_leaves":4,"duneons:ashblock":21,"duneons:sandbrick":4,"gravestone:gravestone":5,"minecraft:grass_block":33,"duneons:luxury_carpet":1,"duneons:highlandtallgrass":36,"duneons:bluebanner":1,"duneons:highlandgrass":7,"duneons:flowerscactuspink":1,"minecraft:oxeye_daisy":1,"duneons:standfortorchgold":1,"minecraft:hay_block":3,"minecraft:spawner":1,"duneons:cornbox":1,"duneons:dungeonsmalltable":1,"minecraft:carrots":1,"minecraft:iron_ore":7,"minecraft:deepslate_lapis_ore":1,"minecraft:pointed_dripstone":1,"minecraft:deepslate_iron_ore":13,"duneons:melondirt":12,"duneons:glowmelonroot":16,"minecraft:stone":103,"duneons:candle":2,"minecraft:dandelion":1,"minecraft:powder_snow":22,"minecraft:oak_fence":2,"minecraft:crafting_table":2,"minecraft:cornflower":3,"duneons:doubleplanthighlandfern":1,"duneons:outposttent":1,"minecraft:campfire":1,"minecraft:cobblestone":1,"minecraft:tall_grass":4,"minecraft:copper_ore":13,"minecraft:oak_planks":5,"duneons:goldcandlefire":1,"duneons:leaverpalm":2,"duneons:berries":5,"minecraft:birch_log":7,"minecraft:wheat":5,"duneons:highblockhallsdoor":5,"duneons:lily_pad_gigantic":1,"duneons:slashplush":1,"duneons:highbigtallgrass":1,"minecraft:white_carpet":1,"minecraft:birch_leaves":1,"minecraft:yellow_bed":4,"minecraft:bee_nest":1,"duneons:highlandfern":11,"minecraft:grass":98,"minecraft:coal_ore":21,"minecraft:oak_log":13,"duneons:testblock":1,"minecraft:gravel":2,"minecraft:sand":7,"minecraft:dirt":9,"duneons:highlandberrybushempty":2,"duneons:dungeonscharreddirt":1,"minecraft:polished_andesite":1,"minecraft:gold_ore":4,"minecraft:oak_leaves":42,"minecraft:deepslate":6},"minecraft:crafted":{"minecraft:oak_planks":24,"comforts:sleeping_bag_white":1,"minecraft:furnace":1,"minecraft:cooked_mutton":21,"duneons:randomartifactbox":1,"minecraft:chest":2,"minecraft:oak_fence":12,"minecraft:emerald":12,"minecraft:iron_sword":2,"minecraft:cooked_salmon":13,"minecraft:stone_axe":1,"minecraft:stick":20,"minecraft:iron_ingot":4,"minecraft:white_bed":1,"minecraft:torch":28}},"DataVersion":3465}