{"stats":{"minecraft:used":{"minecraft:diorite":1,"minecraft:stone_pickaxe":262,"duneons:coarsedirt_2":4,"minecraft:wooden_pickaxe":57,"minecraft:stone_axe":44,"minecraft:torch":7,"minecraft:cobblestone":16,"minecraft:crafting_table":4,"minecraft:furnace":1},"minecraft:broken":{"minecraft:stone_pickaxe":2},"minecraft:crafted":{"minecraft:oak_planks":44,"minecraft:charcoal":8,"minecraft:crafting_table":3,"minecraft:stick":12,"minecraft:wooden_pickaxe":1,"minecraft:stone_pickaxe":2,"minecraft:stone_sword":1,"minecraft:furnace":1,"minecraft:torch":8,"minecraft:birch_planks":8,"minecraft:stone_axe":1,"minecraft:air":0},"minecraft:custom":{"minecraft:time_since_rest":26897,"minecraft:interact_with_furnace":9,"minecraft:sprint_one_cm":20509,"minecraft:damage_taken":380,"minecraft:walk_one_cm":62958,"minecraft:interact_with_crafting_table":12,"minecraft:fly_one_cm":42190,"minecraft:crouch_one_cm":2576,"minecraft:play_time":27370,"minecraft:deaths":1,"minecraft:sneak_time":666,"minecraft:walk_under_water_one_cm":2047,"minecraft:jump":367,"minecraft:leave_game":4,"minecraft:walk_on_water_one_cm":1157,"minecraft:time_since_death":25710,"minecraft:total_world_time":27370,"minecraft:fall_one_cm":10069},"minecraft:mined":{"minecraft:furnace":1,"minecraft:birch_log":17,"minecraft:iron_ore":3,"minecraft:crafting_table":4,"minecraft:torch":3,"minecraft:coal_ore":126,"minecraft:oak_log":20,"duneons:coarsedirt_2":8,"minecraft:dirt":2,"minecraft:copper_ore":33,"minecraft:tall_grass":1,"minecraft:stone":154,"minecraft:diorite":2},"minecraft:picked_up":{"minecraft:birch_log":10,"minecraft:stick":4,"minecraft:crafting_table":1,"duneons:coarsedirt_2":4,"minecraft:oak_log":11,"minecraft:diorite":1,"minecraft:oak_sapling":5,"minecraft:cobblestone":64}},"DataVersion":3465}