{"stats":{"minecraft:mined":{"minecraft:oak_log":2},"minecraft:crafted":{"minecraft:oak_planks":8},"minecraft:custom":{"minecraft:jump":54,"minecraft:time_since_rest":2406,"minecraft:sprint_one_cm":4230,"minecraft:deaths":1,"minecraft:play_time":2879,"minecraft:damage_taken":270,"minecraft:time_since_death":2376,"minecraft:walk_one_cm":2511,"minecraft:sneak_time":6,"minecraft:total_world_time":2879,"minecraft:fall_one_cm":2147,"minecraft:fly_one_cm":11381},"minecraft:picked_up":{"minecraft:oak_log":2}},"DataVersion":3465}