{"stats":{"minecraft:used":{"minecraft:oak_fence":22,"minecraft:diorite":1,"minecraft:stone_sword":8,"minecraft:iron_shovel":136,"minecraft:stone_pickaxe":268,"minecraft:baked_potato":5,"minecraft:oak_planks":114,"duneons:coarsedirt_2":4,"minecraft:wooden_pickaxe":57,"minecraft:iron_chestplate":1,"minecraft:torch":7,"minecraft:dirt":10,"minecraft:crafting_table":6,"duneons:bluekinghat_chestplate":1,"minecraft:iron_axe":76,"minecraft:oak_stairs":2,"minecraft:iron_boots":1,"minecraft:stone_axe":152,"minecraft:cobblestone":35,"minecraft:oak_sapling":28,"minecraft:furnace":1,"minecraft:dandelion":1},"minecraft:dropped":{"minecraft:torch":1},"minecraft:broken":{"minecraft:stone_pickaxe":2,"minecraft:stone_axe":1},"minecraft:crafted":{"minecraft:oak_planks":184,"minecraft:crafting_table":4,"minecraft:wooden_pickaxe":1,"minecraft:furnace":1,"minecraft:birch_planks":28,"minecraft:stone_axe":1,"minecraft:air":0,"minecraft:iron_boots":1,"minecraft:charcoal":8,"minecraft:iron_axe":1,"minecraft:stick":32,"minecraft:stone_pickaxe":3,"minecraft:oak_stairs":4,"minecraft:stone_sword":1,"minecraft:iron_shovel":1,"minecraft:torch":8,"minecraft:oak_fence":27},"minecraft:custom":{"minecraft:interact_with_furnace":9,"minecraft:mob_kills":5,"minecraft:interact_with_crafting_table":20,"minecraft:leave_game":4,"minecraft:time_since_death":49710,"minecraft:time_since_rest":50897,"minecraft:sprint_one_cm":62441,"minecraft:damage_taken":434,"minecraft:walk_one_cm":216446,"minecraft:drop":1,"minecraft:damage_dealt":342,"minecraft:fly_one_cm":96589,"minecraft:open_chest":12,"minecraft:crouch_one_cm":2875,"minecraft:play_time":51370,"minecraft:deaths":1,"minecraft:sneak_time":780,"minecraft:walk_under_water_one_cm":5285,"minecraft:jump":855,"minecraft:walk_on_water_one_cm":5197,"minecraft:total_world_time":51370,"minecraft:interact_with_smoker":1,"minecraft:fall_one_cm":21419},"minecraft:mined":{"minecraft:dandelion":7,"minecraft:oak_fence":1,"minecraft:crafting_table":5,"minecraft:torch":3,"minecraft:grass_block":117,"minecraft:poppy":1,"duneons:coarsedirt_2":8,"minecraft:tall_grass":3,"minecraft:copper_ore":33,"minecraft:oak_planks":4,"minecraft:diorite":2,"minecraft:furnace":1,"minecraft:birch_log":24,"minecraft:iron_ore":9,"duneons:creeperwoodstallgrass":1,"minecraft:grass":46,"minecraft:oak_log":165,"minecraft:coal_ore":126,"minecraft:dirt":24,"duneons:cavespideregg":1,"minecraft:stone":154,"minecraft:oak_leaves":12},"minecraft:killed":{"minecraft:chicken":3,"minecraft:cow":2},"minecraft:picked_up":{"minecraft:birch_log":15,"minecraft:crafting_table":2,"minecraft:feather":1,"minecraft:chicken":2,"minecraft:leather":3,"minecraft:oak_log":73,"minecraft:dirt":66,"minecraft:apple":4,"minecraft:wheat_seeds":3,"duneons:cavespideregg":1,"minecraft:birch_sapling":1,"minecraft:oak_planks":3,"minecraft:stick":14,"duneons:coarsedirt_2":4,"minecraft:oak_fence":1,"minecraft:dandelion":3,"minecraft:poisonous_potato":1,"minecraft:diorite":1,"minecraft:baked_potato":6,"minecraft:oak_sapling":39,"minecraft:cobblestone":64}},"DataVersion":3465}