{"stats":{"minecraft:used":{"minecraft:oak_fence":26,"minecraft:diorite":1,"minecraft:stone_sword":10,"minecraft:iron_shovel":174,"minecraft:birch_planks":22,"minecraft:poppy":1,"minecraft:stone_pickaxe":269,"minecraft:ladder":2,"minecraft:baked_potato":6,"minecraft:oak_planks":307,"duneons:coarsedirt_2":4,"minecraft:wooden_pickaxe":57,"minecraft:iron_chestplate":1,"minecraft:oak_door":2,"minecraft:torch":19,"minecraft:dirt":18,"minecraft:oak_slab":72,"minecraft:crafting_table":7,"minecraft:apple":3,"duneons:bluekinghat_chestplate":1,"minecraft:iron_axe":291,"minecraft:oak_stairs":47,"minecraft:iron_boots":1,"minecraft:oak_pressure_plate":2,"minecraft:stone_axe":152,"minecraft:cobblestone":35,"minecraft:oak_sapling":34,"minecraft:furnace":1,"minecraft:dandelion":1},"minecraft:dropped":{"duneons:magicwand":1,"minecraft:oak_planks":34,"minecraft:torch":1,"minecraft:ladder":1},"minecraft:broken":{"minecraft:stone_pickaxe":2,"minecraft:iron_axe":1,"minecraft:stone_axe":1},"minecraft:crafted":{"minecraft:oak_door":3,"minecraft:oak_slab":78,"minecraft:oak_planks":556,"minecraft:crafting_table":5,"minecraft:oak_pressure_plate":2,"minecraft:wooden_pickaxe":1,"minecraft:furnace":1,"minecraft:birch_planks":28,"minecraft:stone_axe":1,"minecraft:air":0,"minecraft:iron_boots":1,"minecraft:charcoal":8,"minecraft:iron_axe":1,"minecraft:ladder":3,"minecraft:stick":32,"minecraft:stone_pickaxe":3,"minecraft:oak_stairs":48,"minecraft:stone_sword":1,"minecraft:iron_shovel":1,"minecraft:torch":32,"minecraft:oak_fence":27},"minecraft:custom":{"minecraft:interact_with_furnace":9,"minecraft:mob_kills":5,"minecraft:interact_with_crafting_table":36,"minecraft:leave_game":4,"minecraft:time_since_death":73710,"minecraft:sleep_in_bed":2,"minecraft:climb_one_cm":188,"minecraft:time_since_rest":17195,"minecraft:sprint_one_cm":103823,"minecraft:damage_taken":641,"minecraft:walk_one_cm":366100,"minecraft:drop":4,"minecraft:damage_dealt":361,"minecraft:fly_one_cm":125078,"minecraft:open_chest":12,"minecraft:crouch_one_cm":8266,"minecraft:play_time":75370,"minecraft:deaths":1,"minecraft:sneak_time":2642,"minecraft:walk_under_water_one_cm":9081,"minecraft:jump":1137,"minecraft:walk_on_water_one_cm":5991,"minecraft:total_world_time":75370,"minecraft:interact_with_smoker":1,"minecraft:fall_one_cm":26932},"minecraft:mined":{"minecraft:oak_slab":4,"minecraft:dandelion":7,"minecraft:cornflower":1,"minecraft:oak_fence":2,"minecraft:crafting_table":5,"minecraft:torch":3,"minecraft:grass_block":144,"minecraft:poppy":3,"duneons:coarsedirt_2":8,"minecraft:tall_grass":3,"minecraft:copper_ore":33,"minecraft:oak_planks":26,"minecraft:diorite":2,"minecraft:birch_planks":14,"minecraft:furnace":1,"minecraft:fire":3,"minecraft:birch_log":29,"minecraft:iron_ore":9,"duneons:creeperwoodstallgrass":1,"minecraft:grass":56,"minecraft:oak_log":300,"minecraft:coal_ore":126,"minecraft:oak_stairs":3,"minecraft:dirt":32,"duneons:cavespideregg":1,"minecraft:stone":155,"minecraft:oak_leaves":23},"minecraft:killed":{"minecraft:chicken":3,"minecraft:cow":2},"minecraft:picked_up":{"minecraft:birch_log":17,"minecraft:crafting_table":2,"minecraft:feather":1,"minecraft:chicken":2,"minecraft:leather":3,"minecraft:oak_stairs":1,"minecraft:birch_planks":9,"minecraft:oak_log":139,"minecraft:dirt":85,"minecraft:apple":6,"minecraft:wheat_seeds":3,"duneons:cavespideregg":1,"minecraft:poppy":1,"minecraft:birch_sapling":1,"minecraft:oak_planks":17,"minecraft:oak_slab":3,"minecraft:stick":26,"duneons:coarsedirt_2":4,"minecraft:oak_fence":2,"minecraft:dandelion":3,"minecraft:poisonous_potato":1,"duneons:magicwand":1,"minecraft:diorite":1,"minecraft:baked_potato":6,"minecraft:oak_sapling":61,"minecraft:cobblestone":65}},"DataVersion":3465}