{"stats":{"minecraft:used":{"minecraft:stone_pickaxe":61,"minecraft:wooden_pickaxe":7,"minecraft:stone_axe":42,"minecraft:torch":2,"minecraft:crafting_table":3,"minecraft:furnace":1},"minecraft:mined":{"minecraft:birch_log":17,"minecraft:crafting_table":2,"minecraft:torch":1,"minecraft:oak_log":20,"duneons:coarsedirt_2":8,"minecraft:dirt":2,"minecraft:stone":66,"minecraft:diorite":2},"minecraft:crafted":{"minecraft:oak_planks":44,"minecraft:charcoal":6,"minecraft:crafting_table":2,"minecraft:stick":8,"minecraft:wooden_pickaxe":1,"minecraft:stone_pickaxe":1,"minecraft:furnace":1,"minecraft:torch":8,"minecraft:birch_planks":8,"minecraft:stone_axe":1,"minecraft:air":0},"minecraft:custom":{"minecraft:time_since_rest":16597,"minecraft:interact_with_furnace":5,"minecraft:sprint_one_cm":20509,"minecraft:damage_taken":270,"minecraft:walk_one_cm":28876,"minecraft:interact_with_crafting_table":7,"minecraft:fly_one_cm":42137,"minecraft:crouch_one_cm":35,"minecraft:play_time":17070,"minecraft:deaths":1,"minecraft:sneak_time":21,"minecraft:jump":285,"minecraft:leave_game":2,"minecraft:time_since_death":16567,"minecraft:total_world_time":17070,"minecraft:fall_one_cm":6888},"minecraft:picked_up":{"minecraft:birch_log":10,"minecraft:stick":4,"minecraft:crafting_table":1,"duneons:coarsedirt_2":4,"minecraft:oak_log":11,"minecraft:diorite":1,"minecraft:oak_sapling":5,"minecraft:cobblestone":33}},"DataVersion":3465}