{"stats":{"minecraft:used":{"minecraft:diorite":1,"minecraft:stone_sword":8,"duneons:bluekinghat_chestplate":1,"minecraft:baked_potato":5,"minecraft:stone_pickaxe":268,"duneons:coarsedirt_2":4,"minecraft:wooden_pickaxe":57,"minecraft:iron_boots":1,"minecraft:iron_chestplate":1,"minecraft:stone_axe":45,"minecraft:torch":7,"minecraft:cobblestone":35,"minecraft:crafting_table":5,"minecraft:furnace":1},"minecraft:dropped":{"minecraft:torch":1},"minecraft:broken":{"minecraft:stone_pickaxe":2},"minecraft:crafted":{"minecraft:oak_planks":44,"minecraft:iron_boots":1,"minecraft:charcoal":8,"minecraft:crafting_table":4,"minecraft:stick":16,"minecraft:wooden_pickaxe":1,"minecraft:stone_pickaxe":3,"minecraft:stone_sword":1,"minecraft:furnace":1,"minecraft:torch":8,"minecraft:birch_planks":8,"minecraft:stone_axe":1,"minecraft:air":0},"minecraft:custom":{"minecraft:time_since_rest":38897,"minecraft:interact_with_furnace":9,"minecraft:sprint_one_cm":27913,"minecraft:damage_taken":414,"minecraft:walk_one_cm":138840,"minecraft:mob_kills":5,"minecraft:drop":1,"minecraft:damage_dealt":342,"minecraft:interact_with_crafting_table":14,"minecraft:fly_one_cm":56574,"minecraft:open_chest":12,"minecraft:crouch_one_cm":2583,"minecraft:play_time":39370,"minecraft:deaths":1,"minecraft:sneak_time":672,"minecraft:walk_under_water_one_cm":5285,"minecraft:jump":641,"minecraft:leave_game":4,"minecraft:walk_on_water_one_cm":5197,"minecraft:time_since_death":37710,"minecraft:interact_with_smoker":1,"minecraft:total_world_time":39370,"minecraft:fall_one_cm":15176},"minecraft:mined":{"minecraft:furnace":1,"minecraft:birch_log":17,"minecraft:iron_ore":9,"duneons:creeperwoodstallgrass":1,"minecraft:crafting_table":5,"minecraft:torch":3,"minecraft:grass":1,"minecraft:coal_ore":126,"minecraft:oak_log":20,"duneons:coarsedirt_2":8,"minecraft:dirt":2,"duneons:cavespideregg":1,"minecraft:copper_ore":33,"minecraft:tall_grass":1,"minecraft:stone":154,"minecraft:diorite":2},"minecraft:killed":{"minecraft:chicken":3,"minecraft:cow":2},"minecraft:picked_up":{"minecraft:birch_log":10,"minecraft:stick":4,"minecraft:crafting_table":2,"minecraft:feather":1,"minecraft:chicken":2,"duneons:coarsedirt_2":4,"minecraft:leather":3,"minecraft:poisonous_potato":1,"minecraft:oak_log":11,"minecraft:diorite":1,"minecraft:wheat_seeds":1,"duneons:cavespideregg":1,"minecraft:baked_potato":6,"minecraft:oak_sapling":5,"minecraft:cobblestone":64}},"DataVersion":3465}