{"stats":{"minecraft:used":{"duneons:bluebanner":4,"minecraft:iron_shovel":104,"minecraft:chest":8,"minecraft:rotten_flesh":21,"duneons:wolfstatue":1,"minecraft:carrot":35,"duneons:wagonblock":1,"duneons:melondirt":1,"duneons:dungeonscharredcobblestone":2,"duneons:halberd":4,"minecraft:stone_bricks":2,"spartanshields:iron_basic_shield":3,"duneons:darkstoneslab":2,"minecraft:furnace":7,"duneons:cobwebbeddirt":1,"duneons:sickles":326,"minecraft:egg":1,"duneons:cornbox":1,"minecraft:potato":44,"duneons:slashplush":1,"minecraft:oak_planks":251,"minecraft:stone_pickaxe":364,"duneons:miniredstonegolem":2,"minecraft:wooden_pickaxe":28,"duneons:soultrophy":1,"duneons:grandpiano":3,"minecraft:white_wool":2,"minecraft:sand":2,"minecraft:blast_furnace":3,"duneons:sinker":1,"duneons:creeperdoor":1,"minecraft:birch_fence":6,"duneons:outposttent":1,"minecraft:bread":9,"spartanshields:stone_basic_shield":37,"minecraft:gravel":1,"duneons:red_stone_golem_skull":1,"minecraft:dark_oak_fence":18,"minecraft:cooked_rabbit":1,"minecraft:oak_boat":3,"minecraft:bone_meal":8,"duneons:highlandberries":9,"duneons:demonstatue":2,"minecraft:oak_fence":1,"duneons:creeperbanner":1,"duneons:voidflowmuddy_bucket":1,"minecraft:stone_shovel":132,"duneons:darkstonebricks":2,"minecraft:cooked_salmon":1,"minecraft:cooked_chicken":5,"minecraft:oak_door":4,"minecraft:torch":64,"minecraft:dirt":136,"duneons:archcouch":1,"minecraft:white_carpet":7,"duneons:corn":1,"duneons:goldmace":55,"duneons:crumsoncoresword":107,"duneons:soul_scythe":305,"minecraft:birch_door":3,"duneons:mountaineeraxeiron":56,"minecraft:iron_hoe":119,"minecraft:wooden_axe":51,"minecraft:dark_oak_planks":105,"duneons:ravagergateiron":1,"duneons:darkcobblestoneslab":1,"duneons:crateropes":1,"comforts:sleeping_bag_white":4,"minecraft:cooked_beef":2,"minecraft:cobbled_deepslate":35,"minecraft:wheat_seeds":60,"minecraft:cooked_mutton":33,"minecraft:water_bucket":39,"minecraft:cobblestone_stairs":2,"spartanshields:wooden_basic_shield":9,"minecraft:polished_andesite":1,"duneons:carrotshelf":1,"minecraft:crafting_table":16,"minecraft:red_bed":2,"minecraft:painting":13,"minecraft:smoker":5,"justhammers:iron_hammer":660,"minecraft:apple":4,"duneons:trophy_shield":1,"minecraft:iron_pickaxe":37,"minecraft:suspicious_stew":1,"justhammers:stone_hammer":495,"minecraft:stone_axe":463,"minecraft:cobblestone":279,"minecraft:cooked_porkchop":18,"duneons:rapierred":86,"minecraft:bucket":43,"duneons:highlandfern":1,"minecraft:yellow_bed":1,"minecraft:dandelion":1},"minecraft:broken":{"duneons:crumsoncoresword":1,"minecraft:iron_boots":1,"minecraft:stone_pickaxe":2,"spartanshields:stone_basic_shield":1,"minecraft:stone_axe":3,"minecraft:wooden_axe":1,"minecraft:stone_shovel":1,"duneons:goldmace":1,"duneons:necromancerball":1,"duneons:mountaineeraxeiron":1},"minecraft:dropped":{"minecraft:iron_sword":1,"minecraft:cooked_beef":6,"duneons:necromancerball":2,"minecraft:glow_ink_sac":2,"duneons:burstgale":2,"minecraft:diamond":25,"duneons:halberd":1,"duneons:mossendirt":17,"duneons:voidmoss":1,"duneons:sandbrick":1,"spartanshields:wooden_basic_shield":3,"minecraft:cobblestone_stairs":1,"minecraft:music_disc_11":1,"sophisticatedbackpacks:gold_backpack":1,"minecraft:dirt":81,"duneons:sugarrush":1,"minecraft:stone_button":3,"minecraft:cornflower":4,"gravestone:obituary":5,"minecraft:bone_meal":4,"minecraft:sand":1,"minecraft:iron_pickaxe":1,"minecraft:dark_oak_planks":64,"minecraft:white_wool":1,"duneons:ravager_gatewood":2,"duneons:royaleshield":1,"minecraft:bone":5,"minecraft:oak_door":2,"spartanshields:stone_basic_shield":1,"minecraft:cooked_chicken":4,"minecraft:cobbled_deepslate":2,"duneons:outpostwood_planks":2,"minecraft:rotten_flesh":62,"minecraft:cooked_mutton":21,"justhammers:iron_hammer":2,"minecraft:carrot":4,"justhammers:stone_hammer":7,"duneons:bluekinghat_chestplate":1,"minecraft:gunpowder":3,"duneons:scattermines":1,"minecraft:melon_seeds":2,"minecraft:birch_door":1,"duneons:darkstoneslab":1,"duneons:servingspoon":1,"comforts:sleeping_bag_white":1,"minecraft:arrow":7,"minecraft:bread":11,"duneons:darkcobblestonewall":2,"duneons:soul_scythe":3,"duneons:sinker":2,"duneons:purplevangardpotion":1,"minecraft:cobblestone":271,"duneons:ashblock":38,"duneons:highblockhallsdoor":2,"minecraft:polished_andesite":3,"minecraft:gray_wool":1,"minecraft:blue_dye":1,"duneons:bluekinghat_leggings":1,"duneons:bluekinghat_helmet":1,"minecraft:diorite":6,"minecraft:torch":27,"minecraft:wooden_axe":1,"duneons:ravagergateiron":2,"duneons:railingmetal":1,"minecraft:cooked_salmon":3,"duneons:crateropes":1,"duneons:dungeonscharredcobblestone":3,"duneons:candle":4,"duneons:mountaineeraxeiron":2,"minecraft:string":2,"minecraft:bucket":1,"duneons:leaveswindswept":5,"duneons:ravagergatewood_3":1,"duneons:goldmace":1,"duneons:red_stone_golem_skull":1,"minecraft:bowl":1,"minecraft:tuff":99,"duneons:magicwand":4,"duneons:oakwoodbrew":2,"minecraft:light_gray_wool":1,"duneons:highlandfern":2,"minecraft:suspicious_stew":1,"duneons:highlandberries":6,"duneons:testillager":2,"minecraft:potato":8,"minecraft:iron_chestplate":1,"duneons:sanctumstonepatterned":2,"minecraft:andesite":45,"minecraft:mossy_stone_bricks":1,"duneons:rampartbrazier":2,"minecraft:oak_boat":1,"minecraft:stone_bricks":4,"duneons:standfortorchgold":2,"minecraft:sandstone":7,"minecraft:bow":3,"minecraft:stone_pickaxe":2,"minecraft:wooden_pickaxe":1,"minecraft:raw_gold":6,"duneons:sanctumstonepatternedgilded":1,"minecraft:black_wool":1},"minecraft:custom":{"minecraft:animals_bred":18,"minecraft:interact_with_crafting_table":77,"minecraft:open_barrel":12,"goblintraders:trade_with_goblin":149,"minecraft:eat_cake_slice":6,"minecraft:leave_game":9,"minecraft:time_since_death":460049,"minecraft:sprint_one_cm":951839,"minecraft:damage_blocked_by_shield":2460,"minecraft:drop":421,"minecraft:talked_to_villager":7,"minecraft:play_time":528529,"minecraft:deaths":5,"minecraft:jump":5427,"minecraft:walk_on_water_one_cm":159690,"minecraft:interact_with_furnace":52,"minecraft:traded_with_villager":4,"minecraft:sleep_in_bed":6,"minecraft:damage_dealt":66930,"minecraft:crouch_one_cm":6374,"minecraft:interact_with_smoker":26,"minecraft:horse_one_cm":56996,"minecraft:interact_with_smithing_table":2,"minecraft:mob_kills":407,"minecraft:damage_dealt_resisted":156,"minecraft:climb_one_cm":322,"minecraft:walk_one_cm":1449546,"minecraft:damage_dealt_absorbed":320,"minecraft:sneak_time":3494,"minecraft:walk_under_water_one_cm":159449,"minecraft:boat_one_cm":18815,"minecraft:interact_with_blast_furnace":22,"minecraft:total_world_time":528529,"spartanshields:shield_bash_hits":2,"minecraft:time_since_rest":215481,"minecraft:damage_taken":6626,"minecraft:fly_one_cm":516195,"minecraft:swim_one_cm":130144,"minecraft:open_chest":165,"minecraft:fall_one_cm":117609},"minecraft:crafted":{"minecraft:smooth_stone":3,"minecraft:oak_planks":472,"minecraft:cooked_chicken":9,"minecraft:stone":26,"sophisticatedbackpacks:crafting_upgrade":2,"duneons:randombox":1,"minecraft:cooked_mutton":50,"spartanshields:iron_basic_shield":1,"minecraft:iron_boots":1,"sophisticatedbackpacks:copper_backpack":1,"minecraft:chest":11,"minecraft:copper_block":8,"minecraft:birch_door":6,"minecraft:cooked_rabbit":1,"minecraft:smoker":3,"sophisticatedbackpacks:backpack":1,"minecraft:emerald":42,"minecraft:cooked_porkchop":17,"minecraft:crafting_table":13,"minecraft:wooden_pickaxe":1,"minecraft:copper_ingot":205,"minecraft:birch_planks":32,"sophisticatedbackpacks:upgrade_base":2,"minecraft:yellow_dye":1,"minecraft:charcoal":10,"minecraft:stick":64,"minecraft:birch_fence":6,"minecraft:iron_ingot":158,"minecraft:gold_ingot":28,"spartanshields:wooden_basic_shield":5,"minecraft:oak_door":6,"minecraft:stone_shovel":1,"minecraft:fishing_rod":1,"comforts:sleeping_bag_white":1,"minecraft:furnace":7,"minecraft:blast_furnace":1,"minecraft:white_carpet":6,"minecraft:dark_oak_fence":18,"minecraft:iron_hoe":1,"duneons:randomartifactbox":3,"minecraft:stone_pickaxe":3,"minecraft:redstone_block":22,"minecraft:dark_oak_planks":180,"sophisticatedbackpacks:iron_backpack":2,"minecraft:cooked_beef":8,"minecraft:cooked_salmon":2,"spartanshields:stone_basic_shield":2,"sophisticatedbackpacks:gold_backpack":3,"minecraft:bucket":2,"duneons:mountaineeraxeiron":1,"minecraft:stone_axe":4,"minecraft:air":0,"duneons:outpostwood_planks":24,"minecraft:blue_dye":4,"minecraft:oak_boat":3,"justhammers:iron_hammer":4,"justhammers:stone_hammer":7,"minecraft:wooden_axe":2,"minecraft:torch":76},"minecraft:mined":{"minecraft:dark_oak_planks":35,"duneons:voidblock":1,"duneons:darkstonebricks":5,"duneons:ashblock":16,"minecraft:sculk_vein":1,"minecraft:cobblestone_stairs":3,"duneons:charredstone":2,"minecraft:grass_block":183,"duneons:bluebanner":2,"duneons:dungeonbarrel":1,"duneons:coinsstage_1":6,"duneons:wolfstatue":1,"minecraft:spawner":3,"duneons:cornbox":1,"duneons:grandpiano":4,"minecraft:iron_ore":65,"minecraft:fire":5,"duneons:railingmetal":1,"minecraft:deepslate_lapis_ore":12,"duneons:sandlayer_2":1,"duneons:highlandlog":10,"minecraft:deepslate_redstone_ore":41,"minecraft:red_bed":2,"minecraft:smoker":2,"minecraft:powder_snow":8,"minecraft:torch":7,"minecraft:blast_furnace":2,"minecraft:mushroom_stem":3,"minecraft:cobblestone":21,"minecraft:oak_planks":28,"duneons:trophy_shield":1,"minecraft:wall_torch":3,"minecraft:deepslate_copper_ore":1,"duneons:highblockhallsdoor":2,"minecraft:birch_log":26,"duneons:creeperdoor":1,"minecraft:wheat":51,"duneons:dungeonscharredcobblestone":3,"minecraft:birch_door":1,"duneons:sand_5":1,"duneons:creeperwoodstallgrass":6,"minecraft:grass":162,"minecraft:oak_log":186,"minecraft:sand":5,"minecraft:dirt":77,"duneons:sinker":1,"minecraft:deepslate":24,"minecraft:tuff":99,"duneons:carrotshelf":1,"minecraft:dark_oak_leaves":20,"minecraft:deepslate_diamond_ore":4,"minecraft:dark_oak_log":52,"duneons:voidmoss":2,"gravestone:gravestone":6,"duneons:creeperbanner":2,"duneons:highlandtallgrass":10,"duneons:highlandgrass":5,"duneons:darkcobblestonewall":2,"minecraft:sandstone":2,"duneons:darkcobblestonestairs":2,"minecraft:hay_block":3,"minecraft:redstone_ore":3,"minecraft:furnace":4,"minecraft:carrots":4,"duneons:void_flames":1,"minecraft:potatoes":8,"minecraft:deepslate_iron_ore":11,"duneons:melondirt":2,"duneons:loot_biggrey":1,"duneons:mossendirt":18,"minecraft:stone":149,"minecraft:white_wool":3,"minecraft:cake":1,"duneons:darkstoneslab":3,"minecraft:red_wool":1,"minecraft:dandelion":3,"duneons:coins":19,"minecraft:crafting_table":5,"minecraft:cornflower":8,"duneons:demonstatue":2,"minecraft:emerald_ore":1,"duneons:snowstone":2,"minecraft:copper_ore":95,"minecraft:tall_grass":17,"minecraft:deepslate_gold_ore":21,"minecraft:sculk":5,"duneons:soultrophy":1,"duneons:archcouch":1,"duneons:slashplush":1,"minecraft:white_carpet":1,"minecraft:yellow_bed":1,"duneons:crateropes":2,"duneons:highlandfern":8,"minecraft:coal_ore":452,"minecraft:gravel":1,"minecraft:cobweb":10,"minecraft:stone_bricks":1,"duneons:coinsstage_2":5,"minecraft:mossy_stone_bricks":1},"minecraft:killed":{"duneons:enchanted_zombie":4,"minecraft:cave_spider":2,"duneons:mobspawner":1,"duneons:endersent":2,"minecraft:spider":14,"duneons:wraith":22,"minecraft:skeleton":50,"duneons:necromancer":5,"minecraft:bee":1,"minecraft:chicken":6,"duneons:redstonegolem":3,"duneons:chef":9,"duneons:enchanted_creeper":3,"duneons:endlinge":6,"duneons:keygolem":1,"minecraft:pig":9,"minecraft:creeper":9,"duneons:mountaineer":70,"minecraft:sheep":37,"minecraft:trader_llama":2,"minecraft:zombie":85,"minecraft:cow":4,"minecraft:slime":10,"minecraft:phantom":1,"minecraft:horse":5,"duneons:squallgolem":11,"minecraft:drowned":2,"duneons:snareling":2,"minecraft:husk":9,"minecraft:rabbit":1,"minecraft:villager":1},"minecraft:picked_up":{"duneons:candle":4,"minecraft:birch_door":2,"minecraft:wheat":52,"duneons:darkstonebricks":2,"minecraft:suspicious_stew":2,"minecraft:lead":2,"duneons:darkcobblestoneslab":1,"duneons:oakwoodbrew":3,"duneons:highblockhallsdoor":3,"minecraft:music_disc_cat":1,"minecraft:string":25,"duneons:coin":216,"duneons:ashblock":15,"minecraft:raw_copper":28,"minecraft:cooked_salmon":3,"minecraft:cobbled_deepslate":246,"comforts:sleeping_bag_white":5,"duneons:demonstatue":2,"minecraft:furnace":4,"duneons:highlandlog":6,"minecraft:stick":69,"minecraft:torch":13,"minecraft:porkchop":20,"duneons:monkeytotem":2,"duneons:magicwand":5,"minecraft:pointed_dripstone":4,"minecraft:diorite":60,"duneons:wolfstatue":1,"duneons:soultrophy":1,"minecraft:rotten_flesh":124,"duneons:bluebanner":9,"minecraft:blue_dye":1,"duneons:soul_scythe":4,"duneons:goldmace":4,"duneons:creeperbanner":1,"minecraft:cobblestone":3042,"minecraft:birch_log":16,"duneons:crystalblue":7,"duneons:grandpiano":3,"minecraft:feather":8,"minecraft:andesite":89,"duneons:cornbox":1,"minecraft:smoker":2,"minecraft:potato":24,"duneons:creeperdoor":1,"duneons:bluekinghat_leggings":7,"duneons:burstgale":1,"paraglider:spirit_orb":8,"minecraft:tuff":177,"duneons:melondirt":1,"duneons:purplevangardpotion":4,"duneons:outposttent":1,"duneons:voidblock":43,"duneons:scattermines":1,"minecraft:dirt":239,"duneons:wagonblock":1,"duneons:sanctumstonepatterned":2,"minecraft:bone":48,"duneons:mossendirt":17,"minecraft:bow":5,"minecraft:wheat_seeds":118,"minecraft:raw_gold":6,"minecraft:rabbit":1,"minecraft:mossy_stone_bricks":1,"minecraft:oak_planks":28,"duneons:updrafttome":1,"duneons:sinker":3,"duneons:red_stone_golem_skull":4,"minecraft:cooked_porkchop":1,"duneons:sugarrush":2,"minecraft:sand":7,"duneons:diamondpickaxedungeon":1,"duneons:standfortorchgold":2,"minecraft:dark_oak_log":45,"minecraft:mossy_cobblestone":2,"minecraft:polished_andesite":5,"duneons:ravager_gatewood":2,"minecraft:diamond":1,"duneons:servingspoon":2,"minecraft:bone_meal":4,"minecraft:golden_horse_armor":1,"minecraft:emerald":2,"minecraft:oak_sapling":62,"minecraft:bricks":1,"minecraft:crafting_table":5,"minecraft:chicken":7,"duneons:voidmoss":1,"gravestone:obituary":2,"duneons:sabrewing_bow":1,"minecraft:cornflower":12,"minecraft:red_bed":2,"minecraft:white_carpet":1,"duneons:rapierred":1,"minecraft:beef":6,"minecraft:oak_boat":2,"minecraft:light_gray_wool":1,"minecraft:birch_sapling":1,"duneons:crateropes":2,"minecraft:phantom_membrane":1,"minecraft:egg":3,"minecraft:dark_oak_sapling":2,"minecraft:raw_iron":17,"minecraft:sandstone":13,"minecraft:oak_door":1,"minecraft:copper_ingot":1,"duneons:darkcobblestonewall":2,"minecraft:stone_button":3,"minecraft:carrot":15,"minecraft:redstone":4,"duneons:railingmetal":1,"minecraft:dark_oak_planks":28,"duneons:trophy_shield":1,"minecraft:arrow":63,"minecraft:hay_block":3,"sophisticatedbackpacks:copper_backpack":2,"duneons:halberd":1,"duneons:archcouch":1,"minecraft:mutton":67,"minecraft:white_wool":41,"duneons:bluekinghat_chestplate":7,"duneons:corn":1,"minecraft:glow_ink_sac":2,"minecraft:salmon":2,"minecraft:leather":8,"duneons:sandbrick":1,"minecraft:birch_planks":12,"duneons:testillager":2,"minecraft:oak_log":177,"minecraft:yellow_bed":1,"minecraft:gunpowder":14,"minecraft:cobblestone_stairs":4,"minecraft:cooked_mutton":10,"minecraft:apple":7,"minecraft:stone_bricks":6,"duneons:crumsoncoresword":2,"minecraft:iron_ingot":5,"minecraft:stone_pickaxe":1,"duneons:slashplush":1,"duneons:mountaineeraxeiron":4,"spartanshields:wooden_basic_shield":1,"duneons:keydiamond":3,"duneons:darkstoneslab":3,"duneons:dungeonscharredcobblestone":4,"duneons:rampartbrazier":4,"minecraft:dandelion":2,"duneons:highlandfern":11,"minecraft:gravel":1,"duneons:necromancerball":8,"justhammers:stone_hammer":1,"minecraft:blast_furnace":2,"duneons:cobwebbeddirt":1,"duneons:bluekinghat_helmet":7,"minecraft:spider_eye":3,"minecraft:slime_ball":5,"minecraft:painting":13,"minecraft:gray_wool":1,"duneons:ravagergateiron":1,"duneons:keygold":2,"minecraft:baked_potato":13,"duneons:miniredstonegolem":3,"minecraft:black_wool":1,"minecraft:melon_seeds":2,"minecraft:coal":96}},"DataVersion":3465}