{"stats":{"minecraft:dropped":{"minecraft:iron_sword":1,"minecraft:cooked_beef":6,"duneons:necromancerball":2,"duneons:burstgale":2,"duneons:sandbrick":1,"minecraft:music_disc_11":1,"sophisticatedbackpacks:gold_backpack":1,"spartanshields:wooden_basic_shield":3,"minecraft:cobblestone_stairs":1,"minecraft:dirt":75,"minecraft:stone_button":3,"gravestone:obituary":5,"minecraft:dark_oak_planks":64,"minecraft:white_wool":1,"duneons:ravager_gatewood":2,"minecraft:bone":5,"duneons:royaleshield":1,"minecraft:cooked_chicken":4,"spartanshields:stone_basic_shield":1,"minecraft:cobbled_deepslate":2,"duneons:outpostwood_planks":2,"minecraft:cooked_mutton":11,"minecraft:carrot":4,"justhammers:stone_hammer":6,"duneons:bluekinghat_chestplate":1,"minecraft:gunpowder":3,"duneons:scattermines":1,"duneons:darkstoneslab":1,"comforts:sleeping_bag_white":1,"minecraft:arrow":7,"minecraft:bread":2,"duneons:darkcobblestonewall":2,"duneons:soul_scythe":1,"duneons:purplevangardpotion":1,"minecraft:cobblestone":8,"duneons:ashblock":38,"duneons:highblockhallsdoor":2,"minecraft:polished_andesite":3,"minecraft:gray_wool":1,"duneons:bluekinghat_leggings":1,"duneons:bluekinghat_helmet":1,"minecraft:diorite":6,"minecraft:torch":16,"minecraft:wooden_axe":1,"duneons:railingmetal":1,"duneons:ravagergateiron":2,"duneons:candle":4,"duneons:dungeonscharredcobblestone":3,"duneons:mountaineeraxeiron":2,"minecraft:string":2,"duneons:leaveswindswept":5,"duneons:ravagergatewood_3":1,"duneons:goldmace":1,"duneons:red_stone_golem_skull":1,"duneons:magicwand":3,"duneons:oakwoodbrew":2,"duneons:highlandfern":2,"duneons:highlandberries":6,"duneons:testillager":2,"minecraft:iron_chestplate":1,"duneons:sanctumstonepatterned":2,"minecraft:oak_boat":1,"duneons:rampartbrazier":2,"minecraft:stone_bricks":1,"duneons:standfortorchgold":2,"minecraft:sandstone":7,"minecraft:bow":2,"minecraft:stone_pickaxe":2,"minecraft:wooden_pickaxe":1,"minecraft:raw_gold":6,"duneons:sanctumstonepatternedgilded":1,"minecraft:black_wool":1},"minecraft:used":{"duneons:bluebanner":4,"minecraft:chest":2,"minecraft:rotten_flesh":21,"duneons:wolfstatue":1,"minecraft:carrot":35,"duneons:dungeonscharredcobblestone":2,"minecraft:stone_bricks":2,"duneons:darkstoneslab":2,"minecraft:furnace":6,"duneons:cobwebbeddirt":1,"minecraft:egg":1,"duneons:sickles":175,"minecraft:stone_pickaxe":364,"minecraft:oak_planks":138,"duneons:miniredstonegolem":1,"minecraft:wooden_pickaxe":28,"minecraft:white_wool":2,"minecraft:sand":2,"minecraft:blast_furnace":2,"minecraft:birch_fence":6,"duneons:outposttent":1,"spartanshields:stone_basic_shield":17,"minecraft:bread":4,"minecraft:dark_oak_fence":18,"minecraft:cooked_rabbit":1,"minecraft:oak_boat":3,"duneons:highlandberries":9,"minecraft:stone_shovel":123,"duneons:darkstonebricks":2,"minecraft:cooked_chicken":2,"minecraft:oak_door":2,"minecraft:torch":29,"minecraft:dirt":15,"minecraft:white_carpet":3,"duneons:corn":1,"duneons:goldmace":41,"duneons:crumsoncoresword":107,"minecraft:birch_door":2,"duneons:soul_scythe":294,"duneons:mountaineeraxeiron":56,"minecraft:dark_oak_planks":97,"minecraft:wooden_axe":51,"duneons:ravagergateiron":1,"duneons:darkcobblestoneslab":1,"comforts:sleeping_bag_white":4,"minecraft:cooked_beef":2,"minecraft:cobbled_deepslate":4,"minecraft:cooked_mutton":18,"minecraft:cobblestone_stairs":2,"spartanshields:wooden_basic_shield":9,"minecraft:polished_andesite":1,"minecraft:crafting_table":16,"minecraft:red_bed":2,"minecraft:painting":10,"minecraft:smoker":4,"justhammers:iron_hammer":278,"minecraft:apple":4,"justhammers:stone_hammer":346,"minecraft:stone_axe":275,"minecraft:cobblestone":198,"minecraft:cooked_porkchop":14,"duneons:rapierred":86,"duneons:highlandfern":1,"minecraft:yellow_bed":1,"minecraft:dandelion":1},"minecraft:mined":{"minecraft:dark_oak_planks":9,"duneons:darkstonebricks":2,"duneons:ashblock":16,"minecraft:cobblestone_stairs":3,"minecraft:sculk_vein":1,"duneons:charredstone":2,"minecraft:grass_block":105,"duneons:bluebanner":2,"duneons:dungeonbarrel":1,"duneons:coinsstage_1":3,"duneons:wolfstatue":1,"minecraft:spawner":2,"minecraft:fire":1,"minecraft:iron_ore":34,"duneons:railingmetal":1,"minecraft:deepslate_lapis_ore":12,"duneons:highlandlog":10,"minecraft:deepslate_redstone_ore":41,"minecraft:red_bed":2,"minecraft:smoker":1,"minecraft:powder_snow":8,"minecraft:torch":2,"minecraft:blast_furnace":1,"minecraft:mushroom_stem":3,"minecraft:cobblestone":18,"minecraft:oak_planks":17,"minecraft:wall_torch":1,"duneons:highblockhallsdoor":2,"minecraft:birch_log":21,"minecraft:wheat":35,"duneons:dungeonscharredcobblestone":3,"duneons:sand_5":1,"minecraft:grass":36,"minecraft:oak_log":92,"minecraft:sand":5,"minecraft:dirt":56,"duneons:sinker":1,"minecraft:deepslate":5,"minecraft:dark_oak_leaves":20,"minecraft:deepslate_diamond_ore":4,"minecraft:dark_oak_log":52,"gravestone:gravestone":6,"duneons:highlandtallgrass":10,"duneons:highlandgrass":5,"duneons:darkcobblestonewall":2,"minecraft:sandstone":2,"duneons:darkcobblestonestairs":2,"minecraft:hay_block":3,"minecraft:redstone_ore":3,"minecraft:furnace":3,"minecraft:carrots":4,"minecraft:deepslate_iron_ore":11,"duneons:melondirt":1,"duneons:loot_biggrey":1,"duneons:mossendirt":1,"minecraft:stone":134,"minecraft:white_wool":1,"duneons:darkstoneslab":3,"minecraft:red_wool":1,"duneons:coins":6,"minecraft:dandelion":3,"minecraft:crafting_table":5,"minecraft:cornflower":8,"minecraft:emerald_ore":1,"minecraft:tall_grass":3,"minecraft:copper_ore":55,"minecraft:deepslate_gold_ore":16,"minecraft:sculk":2,"duneons:highlandfern":8,"minecraft:yellow_bed":1,"minecraft:coal_ore":323,"duneons:coinsstage_2":1},"minecraft:broken":{"duneons:crumsoncoresword":1,"minecraft:stone_pickaxe":2,"minecraft:stone_axe":2,"minecraft:wooden_axe":1,"duneons:goldmace":1,"duneons:mountaineeraxeiron":1},"minecraft:crafted":{"minecraft:smooth_stone":3,"minecraft:oak_planks":264,"minecraft:cooked_chicken":6,"minecraft:stone":26,"sophisticatedbackpacks:crafting_upgrade":1,"duneons:randombox":1,"minecraft:cooked_mutton":28,"minecraft:iron_boots":1,"sophisticatedbackpacks:copper_backpack":1,"minecraft:chest":4,"minecraft:birch_door":6,"minecraft:cooked_rabbit":1,"minecraft:smoker":3,"minecraft:cooked_porkchop":13,"sophisticatedbackpacks:backpack":1,"minecraft:emerald":25,"minecraft:crafting_table":12,"minecraft:wooden_pickaxe":1,"minecraft:copper_ingot":28,"minecraft:birch_planks":32,"sophisticatedbackpacks:upgrade_base":1,"minecraft:yellow_dye":1,"minecraft:charcoal":10,"minecraft:birch_fence":6,"minecraft:stick":64,"minecraft:iron_ingot":75,"minecraft:gold_ingot":22,"spartanshields:wooden_basic_shield":4,"minecraft:oak_door":3,"minecraft:stone_shovel":1,"minecraft:fishing_rod":1,"comforts:sleeping_bag_white":1,"minecraft:furnace":7,"minecraft:blast_furnace":1,"minecraft:white_carpet":3,"minecraft:dark_oak_fence":18,"duneons:randomartifactbox":3,"minecraft:stone_pickaxe":3,"minecraft:redstone_block":22,"minecraft:dark_oak_planks":180,"sophisticatedbackpacks:iron_backpack":2,"minecraft:cooked_beef":8,"spartanshields:stone_basic_shield":2,"sophisticatedbackpacks:gold_backpack":3,"duneons:mountaineeraxeiron":1,"minecraft:stone_axe":4,"minecraft:air":0,"duneons:outpostwood_planks":24,"minecraft:blue_dye":4,"minecraft:oak_boat":3,"justhammers:iron_hammer":2,"justhammers:stone_hammer":7,"minecraft:wooden_axe":2,"minecraft:torch":64},"minecraft:custom":{"minecraft:animals_bred":2,"minecraft:interact_with_crafting_table":63,"minecraft:open_barrel":11,"goblintraders:trade_with_goblin":52,"minecraft:leave_game":4,"minecraft:time_since_death":266227,"minecraft:sprint_one_cm":667847,"minecraft:damage_blocked_by_shield":850,"minecraft:drop":234,"minecraft:talked_to_villager":7,"minecraft:play_time":330891,"minecraft:deaths":5,"minecraft:jump":3407,"minecraft:walk_on_water_one_cm":89626,"minecraft:interact_with_furnace":49,"minecraft:traded_with_villager":4,"minecraft:sleep_in_bed":6,"minecraft:damage_dealt":56489,"minecraft:crouch_one_cm":5504,"minecraft:interact_with_smoker":19,"minecraft:horse_one_cm":56996,"minecraft:interact_with_smithing_table":2,"minecraft:mob_kills":275,"minecraft:climb_one_cm":322,"minecraft:walk_one_cm":917146,"minecraft:damage_dealt_absorbed":80,"minecraft:sneak_time":2393,"minecraft:walk_under_water_one_cm":120208,"minecraft:boat_one_cm":18815,"minecraft:interact_with_blast_furnace":2,"minecraft:total_world_time":330891,"spartanshields:shield_bash_hits":2,"minecraft:time_since_rest":17843,"minecraft:damage_taken":4809,"minecraft:swim_one_cm":68526,"minecraft:fly_one_cm":311487,"minecraft:open_chest":70,"minecraft:fall_one_cm":74968},"minecraft:picked_up":{"duneons:candle":4,"minecraft:wheat":37,"duneons:darkstonebricks":2,"duneons:darkcobblestoneslab":1,"duneons:oakwoodbrew":3,"duneons:highblockhallsdoor":3,"minecraft:music_disc_cat":1,"minecraft:string":10,"duneons:coin":66,"duneons:ashblock":15,"minecraft:raw_copper":28,"minecraft:cobbled_deepslate":185,"comforts:sleeping_bag_white":5,"minecraft:furnace":3,"duneons:highlandlog":6,"minecraft:stick":47,"minecraft:torch":4,"minecraft:porkchop":17,"duneons:monkeytotem":2,"duneons:magicwand":3,"minecraft:pointed_dripstone":4,"minecraft:diorite":12,"duneons:wolfstatue":1,"minecraft:rotten_flesh":62,"duneons:bluebanner":4,"duneons:soul_scythe":2,"duneons:goldmace":2,"minecraft:cobblestone":1787,"minecraft:birch_log":16,"duneons:crystalblue":2,"minecraft:feather":6,"minecraft:andesite":22,"minecraft:smoker":1,"duneons:bluekinghat_leggings":2,"duneons:burstgale":1,"paraglider:spirit_orb":6,"minecraft:tuff":177,"duneons:purplevangardpotion":2,"duneons:outposttent":1,"duneons:scattermines":1,"minecraft:dirt":132,"duneons:sanctumstonepatterned":2,"minecraft:bone":29,"minecraft:bow":2,"minecraft:wheat_seeds":56,"minecraft:raw_gold":6,"minecraft:rabbit":1,"minecraft:oak_planks":17,"duneons:updrafttome":1,"duneons:sinker":1,"duneons:red_stone_golem_skull":2,"minecraft:cooked_porkchop":1,"duneons:sugarrush":1,"minecraft:sand":6,"duneons:standfortorchgold":2,"minecraft:dark_oak_log":45,"minecraft:mossy_cobblestone":2,"minecraft:polished_andesite":5,"duneons:ravager_gatewood":2,"minecraft:diamond":1,"minecraft:golden_horse_armor":1,"minecraft:emerald":2,"minecraft:oak_sapling":24,"minecraft:bricks":1,"minecraft:crafting_table":5,"minecraft:chicken":6,"gravestone:obituary":2,"duneons:sabrewing_bow":1,"minecraft:cornflower":8,"minecraft:red_bed":2,"duneons:rapierred":1,"minecraft:beef":6,"minecraft:oak_boat":2,"minecraft:light_gray_wool":1,"minecraft:egg":3,"minecraft:dark_oak_sapling":2,"minecraft:raw_iron":13,"minecraft:sandstone":13,"minecraft:copper_ingot":1,"duneons:darkcobblestonewall":2,"minecraft:stone_button":3,"minecraft:redstone":4,"minecraft:carrot":9,"duneons:railingmetal":1,"minecraft:dark_oak_planks":7,"minecraft:arrow":31,"minecraft:hay_block":3,"sophisticatedbackpacks:copper_backpack":2,"minecraft:mutton":65,"minecraft:white_wool":39,"duneons:bluekinghat_chestplate":2,"duneons:corn":1,"minecraft:leather":7,"duneons:sandbrick":1,"minecraft:birch_planks":12,"duneons:testillager":2,"minecraft:oak_log":98,"minecraft:yellow_bed":1,"minecraft:gunpowder":11,"minecraft:cobblestone_stairs":4,"minecraft:cooked_mutton":1,"minecraft:apple":4,"minecraft:stone_bricks":3,"duneons:crumsoncoresword":1,"minecraft:iron_ingot":4,"minecraft:stone_pickaxe":1,"duneons:mountaineeraxeiron":4,"spartanshields:wooden_basic_shield":1,"duneons:keydiamond":1,"duneons:darkstoneslab":3,"duneons:dungeonscharredcobblestone":4,"duneons:rampartbrazier":4,"minecraft:dandelion":2,"duneons:highlandfern":11,"duneons:necromancerball":3,"justhammers:stone_hammer":1,"minecraft:blast_furnace":1,"duneons:cobwebbeddirt":1,"duneons:bluekinghat_helmet":2,"minecraft:painting":10,"minecraft:gray_wool":1,"duneons:ravagergateiron":1,"duneons:miniredstonegolem":1,"minecraft:black_wool":1,"minecraft:coal":24},"minecraft:killed":{"duneons:enchanted_zombie":2,"minecraft:cave_spider":1,"duneons:mobspawner":1,"minecraft:spider":4,"duneons:wraith":20,"minecraft:skeleton":22,"duneons:necromancer":1,"minecraft:bee":1,"minecraft:chicken":6,"duneons:redstonegolem":2,"duneons:enchanted_creeper":1,"duneons:keygolem":1,"minecraft:pig":8,"minecraft:creeper":5,"duneons:mountaineer":70,"minecraft:sheep":37,"minecraft:zombie":47,"minecraft:cow":4,"minecraft:horse":5,"duneons:squallgolem":11,"minecraft:drowned":1,"minecraft:husk":9,"minecraft:rabbit":1,"minecraft:villager":1}},"DataVersion":3465}