{"stats":{"minecraft:dropped":{"minecraft:cooked_beef":6,"duneons:necromancerball":2,"duneons:burstgale":1,"minecraft:cooked_porkchop":1,"duneons:sandbrick":1,"minecraft:music_disc_11":1,"sophisticatedbackpacks:gold_backpack":1,"spartanshields:wooden_basic_shield":3,"minecraft:cobblestone_stairs":1,"minecraft:dirt":75,"minecraft:stone_button":3,"gravestone:obituary":6,"minecraft:dark_oak_planks":64,"minecraft:white_wool":1,"duneons:ravager_gatewood":2,"duneons:royaleshield":1,"minecraft:cobbled_deepslate":2,"duneons:outpostwood_planks":2,"minecraft:cooked_mutton":11,"minecraft:carrot":4,"justhammers:stone_hammer":5,"duneons:bluekinghat_chestplate":1,"minecraft:gunpowder":3,"duneons:scattermines":1,"duneons:darkstoneslab":1,"comforts:sleeping_bag_white":1,"minecraft:arrow":7,"minecraft:bread":2,"duneons:darkcobblestonewall":2,"duneons:soul_scythe":1,"duneons:purplevangardpotion":1,"minecraft:cobblestone":8,"duneons:ashblock":38,"duneons:highblockhallsdoor":1,"minecraft:polished_andesite":3,"minecraft:gray_wool":2,"duneons:bluekinghat_leggings":1,"duneons:bluekinghat_helmet":1,"minecraft:diorite":6,"minecraft:torch":16,"minecraft:wooden_axe":1,"duneons:railingmetal":1,"duneons:ravagergateiron":2,"duneons:candle":4,"duneons:dungeonscharredcobblestone":3,"duneons:mountaineeraxeiron":2,"minecraft:string":2,"duneons:leaveswindswept":5,"duneons:ravagergatewood_3":1,"duneons:goldmace":1,"minecraft:kelp":5,"duneons:red_stone_golem_skull":1,"duneons:magicwand":3,"duneons:oakwoodbrew":2,"duneons:highlandfern":1,"minecraft:oak_sign":1,"duneons:highlandberries":6,"duneons:testillager":2,"duneons:sanctumstonepatterned":2,"duneons:rampartbrazier":2,"minecraft:stone_bricks":2,"duneons:standfortorchgold":2,"minecraft:sandstone":7,"minecraft:bow":2,"minecraft:stone_pickaxe":2,"minecraft:wooden_pickaxe":1,"minecraft:raw_gold":6,"minecraft:nautilus_shell":1,"duneons:sanctumstonepatternedgilded":1},"minecraft:crafted":{"minecraft:smooth_stone":3,"minecraft:oak_planks":332,"minecraft:cooked_chicken":5,"minecraft:stone":26,"sophisticatedbackpacks:crafting_upgrade":1,"duneons:randombox":1,"minecraft:cooked_mutton":49,"minecraft:iron_boots":1,"sophisticatedbackpacks:copper_backpack":1,"minecraft:chest":4,"minecraft:birch_door":6,"minecraft:cooked_rabbit":1,"minecraft:smoker":3,"minecraft:cooked_porkchop":17,"sophisticatedbackpacks:backpack":1,"minecraft:emerald":30,"minecraft:crafting_table":11,"minecraft:wooden_pickaxe":1,"minecraft:copper_ingot":28,"minecraft:birch_planks":32,"sophisticatedbackpacks:upgrade_base":1,"minecraft:yellow_dye":1,"minecraft:charcoal":10,"minecraft:birch_fence":6,"minecraft:stick":248,"minecraft:iron_ingot":75,"minecraft:gold_ingot":22,"spartanshields:wooden_basic_shield":3,"minecraft:oak_door":3,"minecraft:stone_shovel":1,"minecraft:fishing_rod":1,"comforts:sleeping_bag_white":1,"minecraft:furnace":7,"minecraft:blast_furnace":1,"minecraft:white_carpet":3,"minecraft:dark_oak_fence":18,"duneons:randomartifactbox":3,"minecraft:stone_pickaxe":3,"minecraft:redstone_block":22,"minecraft:dark_oak_planks":180,"sophisticatedbackpacks:iron_backpack":2,"minecraft:cooked_beef":8,"spartanshields:stone_basic_shield":1,"sophisticatedbackpacks:gold_backpack":3,"duneons:mountaineeraxeiron":1,"minecraft:stone_axe":4,"minecraft:air":0,"duneons:outpostwood_planks":24,"minecraft:oak_boat":2,"justhammers:iron_hammer":2,"justhammers:stone_hammer":7,"minecraft:wooden_axe":2,"minecraft:torch":72},"minecraft:used":{"duneons:bluebanner":4,"minecraft:chest":2,"minecraft:rotten_flesh":21,"duneons:wolfstatue":1,"minecraft:carrot":35,"duneons:dungeonscharredcobblestone":2,"minecraft:stone_bricks":2,"duneons:darkstoneslab":2,"minecraft:furnace":6,"duneons:cobwebbeddirt":1,"minecraft:egg":1,"duneons:sickles":202,"minecraft:stone_pickaxe":364,"minecraft:oak_planks":132,"duneons:miniredstonegolem":1,"minecraft:wooden_pickaxe":28,"minecraft:sand":2,"minecraft:blast_furnace":2,"minecraft:birch_fence":6,"duneons:outposttent":1,"spartanshields:stone_basic_shield":38,"minecraft:bread":4,"minecraft:lectern":1,"minecraft:dark_oak_fence":18,"minecraft:cooked_rabbit":1,"minecraft:oak_boat":3,"duneons:highlandberries":9,"minecraft:stone_shovel":123,"duneons:darkstonebricks":2,"minecraft:cooked_chicken":3,"minecraft:oak_door":2,"minecraft:torch":30,"minecraft:dirt":13,"minecraft:white_carpet":6,"duneons:corn":1,"duneons:goldmace":41,"duneons:crumsoncoresword":107,"minecraft:birch_door":2,"duneons:soul_scythe":302,"duneons:mountaineeraxeiron":56,"minecraft:dark_oak_planks":97,"minecraft:wooden_axe":51,"duneons:ravagergateiron":1,"duneons:darkcobblestoneslab":1,"comforts:sleeping_bag_white":4,"minecraft:cooked_beef":2,"minecraft:cobbled_deepslate":4,"minecraft:cooked_mutton":16,"minecraft:cobblestone_stairs":2,"spartanshields:wooden_basic_shield":9,"minecraft:polished_andesite":1,"minecraft:crafting_table":15,"minecraft:red_bed":1,"minecraft:painting":10,"minecraft:smoker":4,"justhammers:iron_hammer":254,"minecraft:apple":4,"justhammers:stone_hammer":308,"minecraft:stone_axe":256,"minecraft:cobblestone":198,"minecraft:cooked_porkchop":17,"duneons:rapierred":86,"minecraft:yellow_bed":1,"minecraft:dandelion":1},"minecraft:picked_up":{"duneons:candle":4,"minecraft:wheat":37,"duneons:darkstonebricks":2,"duneons:darkcobblestoneslab":1,"duneons:oakwoodbrew":3,"duneons:highblockhallsdoor":2,"minecraft:music_disc_cat":1,"minecraft:string":10,"duneons:coin":66,"duneons:ashblock":15,"minecraft:raw_copper":28,"minecraft:oak_sign":1,"minecraft:cobbled_deepslate":185,"comforts:sleeping_bag_white":5,"minecraft:coal_block":16,"minecraft:furnace":3,"duneons:highlandlog":6,"minecraft:stick":44,"minecraft:torch":4,"minecraft:porkchop":17,"duneons:monkeytotem":2,"duneons:magicwand":3,"minecraft:diorite":12,"duneons:wolfstatue":1,"minecraft:rotten_flesh":79,"duneons:bluebanner":4,"duneons:soul_scythe":2,"duneons:goldmace":2,"minecraft:cobblestone":1790,"minecraft:nautilus_shell":1,"minecraft:birch_log":16,"duneons:crystalblue":2,"minecraft:andesite":22,"minecraft:smoker":1,"duneons:bluekinghat_leggings":2,"duneons:burstgale":1,"paraglider:spirit_orb":6,"minecraft:tuff":177,"duneons:purplevangardpotion":2,"duneons:outposttent":1,"duneons:scattermines":1,"minecraft:dirt":154,"minecraft:lantern":1,"duneons:sanctumstonepatterned":2,"minecraft:bone":32,"minecraft:bow":2,"minecraft:wheat_seeds":61,"minecraft:raw_gold":6,"minecraft:rabbit":1,"minecraft:oak_planks":13,"duneons:updrafttome":1,"duneons:sinker":1,"duneons:red_stone_golem_skull":2,"minecraft:cooked_porkchop":2,"duneons:sugarrush":1,"minecraft:sand":6,"duneons:standfortorchgold":2,"minecraft:dark_oak_log":45,"minecraft:mossy_cobblestone":2,"minecraft:polished_andesite":5,"duneons:ravager_gatewood":2,"minecraft:diamond":1,"minecraft:golden_horse_armor":1,"minecraft:emerald":2,"minecraft:oak_sapling":24,"minecraft:bricks":1,"minecraft:crafting_table":5,"minecraft:chicken":2,"gravestone:obituary":2,"duneons:sabrewing_bow":1,"minecraft:red_bed":2,"minecraft:white_carpet":3,"duneons:rapierred":1,"minecraft:beef":6,"minecraft:oak_boat":1,"minecraft:lectern":1,"minecraft:egg":3,"minecraft:dark_oak_sapling":2,"minecraft:raw_iron":13,"minecraft:sandstone":13,"minecraft:copper_ingot":2,"duneons:darkcobblestonewall":2,"minecraft:stone_button":3,"minecraft:redstone":4,"minecraft:carrot":9,"duneons:railingmetal":1,"minecraft:dark_oak_planks":7,"minecraft:arrow":34,"minecraft:hay_block":5,"sophisticatedbackpacks:copper_backpack":3,"paraglider:horned_statue":1,"minecraft:mutton":59,"minecraft:white_wool":34,"duneons:bluekinghat_chestplate":2,"duneons:corn":1,"minecraft:leather":9,"duneons:sandbrick":1,"minecraft:birch_planks":12,"duneons:testillager":2,"minecraft:oak_log":95,"minecraft:yellow_bed":1,"minecraft:gunpowder":14,"minecraft:cobblestone_stairs":4,"minecraft:cooked_mutton":1,"minecraft:apple":4,"minecraft:stone_bricks":4,"minecraft:kelp":5,"duneons:crumsoncoresword":1,"minecraft:iron_ingot":4,"minecraft:stone_pickaxe":1,"duneons:mountaineeraxeiron":4,"spartanshields:wooden_basic_shield":1,"duneons:keydiamond":1,"duneons:darkstoneslab":3,"duneons:dungeonscharredcobblestone":4,"duneons:rampartbrazier":4,"minecraft:dandelion":2,"duneons:highlandfern":9,"duneons:necromancerball":3,"justhammers:stone_hammer":1,"minecraft:blast_furnace":1,"duneons:cobwebbeddirt":1,"duneons:bluekinghat_helmet":2,"minecraft:purple_glazed_terracotta":4,"minecraft:painting":10,"minecraft:gray_wool":2,"duneons:ravagergateiron":1,"duneons:miniredstonegolem":1,"minecraft:black_wool":2,"minecraft:coal":23},"minecraft:mined":{"minecraft:dark_oak_planks":9,"duneons:darkstonebricks":2,"duneons:ashblock":16,"minecraft:cobblestone_stairs":3,"minecraft:sculk_vein":1,"duneons:charredstone":2,"minecraft:grass_block":103,"duneons:bluebanner":2,"duneons:dungeonbarrel":1,"minecraft:coal_block":1,"duneons:coinsstage_1":3,"duneons:wolfstatue":1,"minecraft:oak_wall_sign":2,"minecraft:spawner":2,"minecraft:fire":1,"minecraft:iron_ore":19,"duneons:railingmetal":1,"minecraft:deepslate_lapis_ore":12,"duneons:highlandlog":10,"minecraft:deepslate_redstone_ore":41,"minecraft:red_bed":2,"minecraft:smoker":1,"minecraft:powder_snow":10,"minecraft:torch":2,"minecraft:blast_furnace":1,"minecraft:mushroom_stem":3,"minecraft:cobblestone":18,"minecraft:oak_planks":13,"minecraft:wall_torch":1,"duneons:highblockhallsdoor":2,"paraglider:horned_statue":1,"minecraft:birch_log":21,"minecraft:wheat":35,"duneons:dungeonscharredcobblestone":3,"duneons:sand_5":1,"minecraft:grass":40,"minecraft:oak_log":89,"minecraft:sand":5,"minecraft:dirt":54,"duneons:sinker":1,"minecraft:deepslate":5,"minecraft:dark_oak_leaves":20,"minecraft:deepslate_diamond_ore":4,"minecraft:dark_oak_log":52,"gravestone:gravestone":7,"duneons:highlandtallgrass":7,"duneons:highlandgrass":5,"minecraft:kelp":1,"duneons:darkcobblestonewall":2,"minecraft:sandstone":2,"duneons:darkcobblestonestairs":2,"minecraft:hay_block":7,"minecraft:redstone_ore":3,"minecraft:furnace":3,"minecraft:carrots":4,"minecraft:deepslate_iron_ore":11,"duneons:melondirt":1,"duneons:loot_biggrey":1,"duneons:mossendirt":1,"minecraft:stone":134,"minecraft:white_wool":1,"duneons:darkstoneslab":3,"duneons:coins":6,"minecraft:dandelion":3,"minecraft:crafting_table":5,"minecraft:lectern":1,"minecraft:copper_ore":65,"minecraft:tall_grass":7,"minecraft:deepslate_gold_ore":16,"minecraft:sculk":2,"minecraft:white_carpet":3,"duneons:highlandfern":5,"minecraft:yellow_bed":1,"minecraft:coal_ore":256,"duneons:coinsstage_2":1},"minecraft:custom":{"minecraft:animals_bred":8,"minecraft:interact_with_crafting_table":63,"minecraft:open_barrel":11,"goblintraders:trade_with_goblin":52,"minecraft:bell_ring":10,"minecraft:leave_game":3,"minecraft:time_since_death":31628,"minecraft:sprint_one_cm":669101,"minecraft:damage_blocked_by_shield":2010,"minecraft:drop":227,"minecraft:talked_to_villager":17,"minecraft:play_time":342662,"minecraft:deaths":6,"minecraft:jump":3156,"minecraft:interact_with_brewingstand":1,"minecraft:walk_on_water_one_cm":92802,"minecraft:interact_with_furnace":54,"minecraft:traded_with_villager":9,"minecraft:sleep_in_bed":6,"minecraft:damage_dealt":57987,"minecraft:crouch_one_cm":4712,"minecraft:interact_with_smoker":19,"minecraft:interact_with_smithing_table":3,"minecraft:mob_kills":278,"minecraft:climb_one_cm":2127,"minecraft:walk_one_cm":921862,"minecraft:damage_dealt_absorbed":240,"minecraft:sneak_time":3201,"minecraft:walk_under_water_one_cm":156891,"minecraft:boat_one_cm":231598,"minecraft:interact_with_blast_furnace":3,"minecraft:total_world_time":342662,"spartanshields:shield_bash_hits":1,"minecraft:time_since_rest":31651,"minecraft:damage_taken":5343,"minecraft:swim_one_cm":95613,"minecraft:fly_one_cm":307723,"minecraft:open_chest":67,"minecraft:fall_one_cm":73229},"minecraft:killed":{"duneons:enchanted_zombie":2,"duneons:mobspawner":1,"minecraft:spider":4,"duneons:wraith":15,"minecraft:skeleton":24,"duneons:necromancer":1,"minecraft:bee":1,"minecraft:chicken":2,"duneons:redstonegolem":2,"duneons:enchanted_creeper":1,"duneons:keygolem":1,"minecraft:pig":8,"minecraft:creeper":7,"duneons:mountaineer":70,"minecraft:sheep":33,"minecraft:zombie":52,"minecraft:cow":4,"minecraft:horse":6,"duneons:squallgolem":11,"minecraft:drowned":7,"duneons:frozenzombie":1,"minecraft:husk":8,"minecraft:rabbit":1,"minecraft:villager":1},"minecraft:broken":{"duneons:crumsoncoresword":1,"minecraft:stone_pickaxe":2,"minecraft:stone_axe":2,"minecraft:wooden_axe":1,"duneons:goldmace":1,"duneons:mountaineeraxeiron":1}},"DataVersion":3465}